Workbook

Sheet Respuestas
A1: Marca temporal | B1: Nombre completo | C1: Número de documento | D1: Fecha de nacimiento | E1: Edad | F1: Sexo | G1: Estado civil | H1: Ciudad de residencia | I1: Teléfono | J1: Cargo | K1: Área | L1: Sede | M1: Antigüedad | N1: Tipo de contrato | O1: Profesión | P1: ¿Estudiando? | Q1: ¿Qué estudia? | R1: ¿Tiene hijos? | S1: Número de hijos | T1: Hijo 1 - Fecha de nacimiento | U1: Hijo 1 - Edad | V1: Hijo 1 - Sexo | W1: Hijo 1 - ¿Vive con usted? | X1: Hijo 1 - Dirección donde vive | Y1: Hijo 2 - Fecha de nacimiento | Z1: Hijo 2 - Edad | AA1: Hijo 2 - Sexo | AB1: Hijo 2 - ¿Vive con usted? | AC1: Hijo 2 - Dirección donde vive | AD1: Hijo 3 - Fecha de nacimiento | AE1: Hijo 3 - Edad | AF1: Hijo 3 - Sexo | AG1: Hijo 3 - ¿Vive con usted? | AH1: Hijo 3 - Dirección donde vive | AI1: Hijo 4 - Fecha de nacimiento | AJ1: Hijo 4 - Edad | AK1: Hijo 4 - Sexo | AL1: Hijo 4 - ¿Vive con usted? | AM1: Hijo 4 - Dirección donde vive | AN1: Hijo 5 - Fecha de nacimiento | AO1: Hijo 5 - Edad | AP1: Hijo 5 - Sexo | AQ1: Hijo 5 - ¿Vive con usted? | AR1: Hijo 5 - Dirección donde vive | AS1: Hijo 6 - Fecha de nacimiento | AT1: Hijo 6 - Edad | AU1: Hijo 6 - Sexo | AV1: Hijo 6 - ¿Vive con usted? | AW1: Hijo 6 - Dirección donde vive
A2: 46295.656 | B2: JINA ESPERANZA MOLINA PULIDO | C2: 1094932380 | D2: 33981 | E2: 33 | F2: Mujer | G2: Soltero(a) | H2: ARMENIA | J2: PROFESIONAL DE CULTURA | K2: C.E.C | L2: SEDE ADMINISTRATIVA ARMENIA | M2: Entre 6 meses y 1 año | O2: PSICOLOGA | P2: No | R2: No
A3: 46297.712 | B3: Laura Valentina Jaramillo Garcia | C3: 1192801294 | D3: 37068 | E3: 25 | F3: Mujer | G3: Unión libre | H3: Manizales | J3: Higiénista oral | K3: Asistencial | L3: Manizales | M3: Entre 6 meses y 1 año | O3: Higiénista oral | P3: No | R3: Sí | S3: 1 | T3: 44728 | U3: 4 | V3: Hombre | W3: Sí | X3: Manizales
A4: 46297.713 | B4: Olga Otero Hurtado | C4: 1107104320 | D4: 35395 | E4: 29 | F4: Mujer | G4: Soltero(a) | H4: Silvia | J4: Tecnóloga en mamografias | K4: Asistencial | L4: Unidad móvil felicidad | M4: Entre 6 meses y 1 año | O4: Tecnóloga en radiología e imágenes diagnósticas | P4: No | R4: No
A5: 46297.713 | B5: Ana María Alegria Monroy | C5: 1002876732 | D5: 36687 | E5: 26 | F5: Mujer | G5: Unión libre | H5: Coconuco | J5: Auxiliar de Agendamiento | K5: Agendamiento | L5: Popayán | M5: Entre 6 meses y 1 año | O5: Tecnóloga en gestión empresarial | P5: No | R5: No
A6: 46297.714 | B6: Angie Natalia Vidal Arango | C6: 1097720813 | D6: 38293 | E6: 21 | F6: Mujer | G6: Unión libre | H6: Montenegro | J6: Auxiliar toma de muestras | K6: Asistencial | L6: Unidad movil felicidad | M6: Menos de 6 meses | O6: Auxiliar de enfermería | P6: No | R6: No
A7: 46297.715 | B7: Liseth Natalia Rodríguez cortes | C7: 1016079493 | D7: 34955 | E7: 31 | F7: Mujer | G7: Soltero(a) | H7: Fusagasugá | J7: Tecnologa en imágenes diagnósticas | K7: Radiología | L7: Unidad móvil compsion | M7: Menos de 6 meses | O7: Tecnologa en radiología e imágenes diagnósticas | P7: No | R7: Sí | S7: 2 | T7: 42313 | U7: 10 | V7: Hombre | W7: Sí | X7: Fusagasugá | Y7: 43762 | Z7: 6 | AA7: Mujer | AB7: Sí | AC7: Fusagasugá
A8: 46297.724 | B8: Melissa Paola Chica Beleño | C8: 1102812141 | D8: 32094 | E8: 38 | F8: Mujer | G8: Casado(a) | H8: Armenia | J8: Directora CADI | K8: CADI- Centro de Agendamiento y Demanda Inducida | L8: Sede Administrativa | M8: Más de 5 años | O8: Trabajadora Social | P8: No | R8: Sí | S8: 1 | T8: 43520 | U8: 7 | V8: Hombre | W8: Sí | X8: Armenia
A9: 46297.724 | B9: Jhon Sebastián Patiño Rueda | C9: 1010217 | D9: 34593 | E9: 32 | F9: Hombre | G9: Unión libre | H9: BOGOTA, D.C. | J9: Gerente Médico | K9: Gerencia General | L9: Bogotá | M9: Entre 1 y 3 años | O9: Médico, Magister en Salud Pública y Magister en Políticas Públicas | P9: No | R9: No
A10: 46297.725 | B10: Alejandra ojeda | C10: 1061747471 | D10: 33728 | E10: 34 | F10: Mujer | G10: Unión libre | H10: Popayan | J10: Auxiliar de toma de muestra | K10: Extramural | L10: Felicidad | M10: Entre 6 meses y 1 año | O10: Auxiliar de enfermería | P10: Sí | Q10: Pscicolgia | R10: Sí | S10: 1 | T10: 43977 | U10: 6 | V10: Hombre | W10: Sí | X10: Popayan
A11: 46297.726 | B11: Diego Armando Botina Botina | C11: 1004232427 | D11: 36604 | E11: 26 | F11: Hombre | G11: Soltero(a) | H11: Pasto | J11: Auxiliar operativo | K11: Asistencial | L11: Unidades moviles | M11: Entre 6 meses y 1 año | O11: Tecnólogo en promoción de la salud | P11: No | R11: No
A12: 46297.74 | B12: Laura lucia Villegas Naranjo | C12: 1094955300 | D12: 35138 | E12: 30 | F12: Mujer | G12: Soltero(a) | H12: Armenia | J12: Arquitecta | K12: Calidad | L12: Armenia | M12: Entre 6 meses y 1 año | O12: Arquitectura | P12: No | R12: Sí | S12: 1 | T12: 45908 | U12: 1 | V12: Hombre | W12: Sí | X12: Armenia
A13: 46297.749 | B13: JAIR DUCARDO LOPEZ ,UÑOZ | C13: 10301042 | D13: 30655 | E13: 42 | F13: Hombre | G13: Soltero(a) | H13: POPAYÁN | J13: AUXILIAR OPERATIVO | K13: ADMINISTRATIVO | L13: UNIDAD MOVIL | M13: Entre 6 meses y 1 año | O13: TECNICO EN SISTEMAS, TECNICO EN ADMINISTRACION DOCUMENTAL Y AUXILIAR ENFERMERO | P13: Sí | Q13: TECNOLOGO EN IMAGENES DIAGNOSTICAS Y RADIOLOGIA | R13: Sí | S13: 1 | T13: 42227 | U13: 11 | V13: Hombre | W13: No | X13: POPAYAN
A14: 46297.759 | B14: Leidy juliana Ortiz villa | C14: 1053788236 | D14: 32256 | E14: 38 | F14: Mujer | G14: Separado(a) | H14: Manizales | J14: Auxiliar enfermería | K14: Unidades móviles | L14: Armenia | M14: Entre 1 y 3 años | O14: Auxiliar enfermería | P14: No | R14: Sí | S14: 2 | T14: 38927 | U14: 20 | V14: Mujer | W14: Sí | X14: Manizales | Y14: 40664 | Z14: 15 | AA14: Hombre | AB14: Sí | AC14: Manizales
A15: 46297.759 | B15: Yuli Andrea Joaquí Romero | C15: 1061747303 | D15: 33651 | E15: 34 | F15: Mujer | G15: Soltero(a) | H15: Popayan | J15: Aux de poct | K15: Toma de muestras | L15: Compasión | M15: Entre 6 meses y 1 año | O15: Toma de muestras | P15: No | R15: Sí | S15: 1 | T15: 44679 | U15: 4 | V15: Mujer | W15: Sí | X15: Popayan
A16: 46297.761 | B16: Carlos Andrés Caraballo Airiarte | C16: 92535503 | D16: 29053 | E16: 47 | F16: Hombre | G16: Casado(a) | H16: Popayán | J16: Auxiliar administrativo Aprendiz sena | K16: Administrativa | L16: Sede Popayán | M16: Menos de 6 meses | O16: Tecnólogo administrativo en Salud | P16: Sí | Q16: Administración en Salud | R16: Sí | S16: 4 | T16: 36837 | U16: 25 | V16: Mujer | W16: No | X16: Barranquilla | Y16: 37498 | Z16: 24 | AA16: Mujer | AB16: No | AC16: Barranquilla | AD16: 40799 | AE16: 15 | AF16: Hombre | AG16: No | AH16: Barranquilla | AI16: 41420 | AJ16: 13 | AK16: Hombre | AL16: No | AM16: Barranquilla
A17: 46297.8 | B17: MELISSA VIRGINIA VASQUEZ CERON | C17: 34318000 | D17: 30134 | E17: 44 | F17: Mujer | G17: Casado(a) | H17: POPAYAN | J17: PSICOLOGIA | K17: ASISTENCIAL | L17: POPAYAN | M17: Entre 6 meses y 1 año | O17: PSICOLOGIA | P17: Sí | Q17: DIPLOMADO | R17: Sí | S17: 2 | T17: 39024 | U17: 19 | V17: Mujer | W17: Sí | X17: POPAYAN | Y17: 44066 | Z17: 6 | AA17: Hombre | AB17: Sí | AC17: POPAYAN
A18: 46297.801 | B18: EVA AIDES PARALES RAMIREZ | C18: 1116864845 | D18: 34117 | E18: 33 | F18: Mujer | G18: Casado(a) | H18: MALAGA SANTANDER | J18: AUX DE ENFERMERIA | K18: AGENDAMIENTO | L18: DESDE CASA | M18: Menos de 6 meses | O18: AUX DE ENFERMERIA | P18: No | R18: Sí | S18: 3 | T18: 40694 | U18: 15 | V18: Hombre | W18: Sí | X18: MALAGA SANTANDER | Y18: 43965 | Z18: 6 | AA18: Hombre | AB18: Sí | AC18: MALAGA SANTANDER | AD18: 44514 | AE18: 4 | AF18: Hombre | AG18: Sí | AH18: MALAGA SANTANDER
A19: 46297.815 | B19: Edil Fernando Dorado | C19: 10548185 | D19: 24031 | E19: 60 | F19: Hombre | G19: Casado(a) | H19: Popayán | J19: Medico general | K19: Consulta externa | L19: Cede el recuerdo Popayán | M19: Entre 6 meses y 1 año | O19: Medico general | P19: No | R19: Sí | S19: 2 | T19: 32942 | U19: 36 | V19: Mujer | W19: No | X19: Popayán | Y19: 35051 | Z19: 30 | AA19: Mujer | AB19: No | AC19: Popayán
A20: 46297.819 | B20: LUCILA ANDREA JARAMILLO JARAMILLO | C20: 1124849363 | D20: 31566 | E20: 40 | F20: Mujer | G20: Casado(a) | H20: CHINCHINA CALDAS | J20: AUXILIAR DE ENFERMERIA | K20: AGENDAMIENTO Y DEMANDA INDUCIDA | L20: DIRRECION DE AGENDAMIENTO Y DEMANDA INDUCIDA | M20: Menos de 6 meses | O20: TECNICO EN ENFERMRIA | P20: Sí | Q20: COMPLEMENTARIO HUMANIZACION, ATENCION A VICTIMAS DEL CONFICTO ARMADO, ATENCION A VICTIMAS DEDE VIOLENCIA SEXUAL,FACTURACION SERVICIOS DE SALUD, ATENCION AL RECIEN NACIDO | R20: Sí | S20: 2 | T20: 37716 | U20: 23 | V20: Mujer | W20: No | X20: CALI | Y20: 40389 | Z20: 16 | AA20: Hombre | AB20: Sí | AC20: CHINCHINA CALDAS
A21: 46297.83 | B21: CRISTIAN CAMILO ARCILA FRANCO | C21: 1017234295 | D21: 34944 | E21: 31 | F21: Mujer | G21: Soltero(a) | H21: ARMENIA | J21: INGENIERO AMBIENTAL | K21: CALIDAD | L21: NACIONAL | M21: Entre 6 meses y 1 año | O21: INGENIERO AMBIENTAL | P21: No | R21: No
A22: 46297.831 | B22: MARIA DANIELA ESTRADA TOBON | C22: 1094957933 | D22: 35305 | E22: 30 | F22: Mujer | G22: Soltero(a) | H22: ARMENIA | J22: COORDINADORA NACIONAL DE OPERACIONES | K22: OPERACIONES EXTRAMURALES | L22: NACIONAL | M22: Entre 1 y 3 años | O22: ENFERMERA PROFESIONAL | P22: No | R22: No
A23: 46298.273 | B23: LAURA CRISTINA GARCÍA QUINTERO | C23: 1053841351 | D23: 34785 | E23: 31 | F23: Mujer | G23: Soltero(a) | H23: Manizales | J23: Auxiliar operativo | K23: Extramuralidad | L23: Um amor | M23: Entre 1 y 3 años | O23: Técnica administración en salud | P23: No | R23: No
A24: 46298.286 | B24: danna lizeth zapata cifuentes | C24: 1055478699 | D24: 39567 | E24: 18 | F24: Mujer | G24: Soltero(a) | H24: MANIZALES | J24: prácticamente técnico asistente administrativa | K24: administración | L24: MANIZALES | M24: Menos de 6 meses | O24: técnico en asistencia administrativa | P24: Sí | Q24: tecnólogo en gestión administrativa | R24: No
A25: 46298.291 | B25: Maria Fernanda Mejia Henao | C25: 1053827149 | D25: 34129 | E25: 33 | F25: Mujer | G25: Casado(a) | H25: Manizales | J25: Lider sede Manizales | K25: Administrativa | L25: Manizales | M25: Más de 5 años | O25: Administración en Salud | P25: Sí | Q25: Administración en Salud | R25: Sí | S25: 1 | T25: 42813 | U25: 9 | V25: Hombre | W25: Sí | X25: Manizales
A26: 46298.308 | B26: VIVIANA ECHEVERRI ROJAS | C26: 1053818618 | D26: 33743 | E26: 34 | F26: Mujer | G26: Soltero(a) | H26: MANIZALES | J26: AUX FACTURACION | K26: ADMON- LINEA DE FRENTE | L26: MANIZALES | M26: Entre 3 y 5 años | O26: AUX ADMINISTRATIVO EN SALUD | P26: No | R26: No
A27: 46298.319 | B27: ESTEFANY DUQUE GALVIS | C27: 1053825977 | D27: 34072 | E27: 33 | F27: Mujer | G27: Casado(a) | H27: MANIZALES | J27: ODONTÓLOGA GENERAL | K27: ODONTOLOGÍA | L27: MANIZALES | M27: Entre 1 y 3 años | O27: ODONTÓLOGA | P27: No | R27: No
A28: 46298.324 | B28: Valeria Villota lozano | C28: 1233190229 | D28: 35705 | E28: 29 | F28: Mujer | G28: Soltero(a) | H28: Manizales | J28: Médico general | K28: Consulta externa | L28: Sede Manizales | M28: Menos de 6 meses | O28: Médico | P28: Sí | Q28: Diplomado | R28: No
A29: 46298.325 | B29: Yustin Estefania Aguirre Gaviria | C29: 1053822718 | D29: 33914 | E29: 33 | F29: Mujer | G29: Soltero(a) | H29: Manizales | J29: Auxiliar de agendamiento | K29: Administrativo | L29: Manizales | M29: Más de 5 años | O29: Auxiliar de enfermería | P29: No | R29: Sí | S29: 1 | T29: 42258 | U29: 11 | V29: Mujer | W29: Sí | X29: Manizales
A30: 46298.328 | B30: ENITH YOVANA RAMIREZ MUÑOZ | C30: 34315686 | D30: 29840 | E30: 45 | F30: Mujer | G30: Separado(a) | H30: POPAYAN | J30: AXULIAR DE FACTURACION | K30: FACTURACION | L30: SEDE POPAYAN | M30: Entre 6 meses y 1 año | O30: AUXILIAR DE FACTURACION | P30: No | R30: Sí | S30: 1 | T30: 37737 | U30: 23 | V30: Hombre | W30: Sí | X30: POPAYAN
A31: 46298.336 | B31: Sandra Milena Cifuentes | C31: 25102646 | D31: 28418 | E31: 48 | F31: Mujer | G31: Unión libre | H31: Manizales | J31: Auxiliar servicios generales | K31: Administrativo | L31: Sede Manizales | M31: Entre 1 y 3 años | O31: Servicios generales | P31: No | R31: Sí | S31: 1 | T31: 36211 | U31: 27 | V31: Hombre | W31: Sí | X31: Manizales
A32: 46298.336 | B32: Juan David Ortiz Sepulveda | C32: 1116268200 | D32: 34903 | E32: 31 | F32: Hombre | G32: Soltero(a) | H32: Manizales | J32: Nutricionista Dietista | K32: Consulta externa | L32: Manizales | M32: Entre 6 meses y 1 año | O32: Nutricionista | P32: No | R32: No
A33: 46298.35 | B33: María José Salazar Martinez | C33: 1059208233 | D33: 38626 | E33: 21 | F33: Mujer | G33: Soltero(a) | H33: Manizales | J33: Auxiliar de facturación | K33: Consulta externa | L33: Manizales | M33: Menos de 6 meses | O33: Auxiliar administrativa | P33: No | R33: Sí | S33: 1 | T33: 45822 | U33: 1 | V33: Hombre | W33: Sí | X33: Manizales
A34: 46298.355 | B34: Natalia Maritza Hernandez Cabrera | C34: 1006848706 | D34: 36684 | E34: 26 | F34: Mujer | G34: Soltero(a) | H34: Orito, Putumayo | J34: Auxiliar toma de muestras | K34: Unidad móvil | L34: Unidad móvil compasión | M34: Entre 1 y 3 años | O34: Auxiliar de enfermería | P34: No | R34: No
A35: 46298.361 | B35: Yaleidy Maritza Quiñones Daza | C35: 1058967613 | D35: 32575 | E35: 37 | F35: Mujer | G35: Soltero(a) | H35: popayan | J35: Higienista Oral | K35: Odontologia | L35: Sede Popayan | M35: Entre 1 y 3 años | O35: Higienista Oral | P35: No | R35: No
A36: 46298.363 | B36: Jesica Gallego Toro | C36: 1053796452 | D36: 32700 | E36: 37 | F36: Mujer | G36: Soltero(a) | H36: Manizales | J36: Aux SIAU | K36: Administrativa | L36: Manizales | M36: Entre 1 y 3 años | O36: Higienista oral | P36: Sí | Q36: Técnico en auxiliar administrativo en salud | R36: No
A37: 46298.368 | B37: Natalia Andrea Muñoz Garcia | C37: 1004798607 | D37: 36546 | E37: 26 | F37: Mujer | G37: Soltero(a) | H37: Armenia | J37: Auxiliar de agendamiento | K37: Agendamiento | L37: Desde casa | M37: Entre 6 meses y 1 año | O37: Auxiliar de enfermeria | P37: No | R37: Sí | S37: 1 | T37: 45530 | U37: 2 | V37: Hombre | W37: Sí | X37: Armenia
A38: 46298.369 | B38: Angela Yolima Guamanga Samboni | C38: 34316697 | D38: 29981 | E38: 44 | F38: Mujer | G38: Soltero(a) | H38: Popayan - Cauca | J38: Tecnica de imagenes Diagnosticas Unidad Movil | K38: Area asistencial Unidad Movil | L38: Unidad Movil Amor | M38: Entre 1 y 3 años | O38: Tecnica de imagenes Diagnosticas | P38: Sí | Q38: Tecnologia en Radiologia e Imagens Diagnosticas | R38: Sí | S38: 2 | T38: 38819 | U38: 20 | V38: Mujer | W38: Sí | X38: Popayan | Y38: 43610 | Z38: 7 | AA38: Hombre | AB38: Sí | AC38: Popayan
A39: 46298.41 | B39: Yudy Lorena Giraldo Alfonso | C39: 24339622 | D39: 31316 | E39: 41 | F39: Mujer | G39: Casado(a) | H39: Manizales | J39: Pediatra | K39: Consulta externa | L39: Manizales | M39: Menos de 6 meses | O39: Pediatra | P39: No | R39: No
A40: 46298.44 | B40: Kevin David Cañizales Acevedo | C40: 1115091205 | D40: 35848 | E40: 28 | F40: Hombre | G40: Soltero(a) | H40: Manizales | J40: Médico general | K40: Consulta externa | L40: Sede manizales | M40: Menos de 6 meses | O40: Médico general | P40: No | R40: No
A41: 46298.481 | B41: SOFIA PEREZ CASTELLANOS | C41: 10949766350 | D41: 36399 | E41: 27 | F41: Mujer | G41: Soltero(a) | H41: ARMENIA | J41: AGENDAMIENTO | K41: AGENDAMIENTO | L41: LA ESPERANZA ARMENIA | M41: Menos de 6 meses | O41: AGENDAMIENTO | P41: No | R41: No
A42: 46298.549 | B42: Cristian Camilo Garcia Rojas | C42: 1193548903 | D42: 37106 | E42: 25 | F42: Hombre | G42: Soltero(a) | H42: Armenia | J42: Técnico de Software | K42: TIC | L42: Administratica | M42: Entre 6 meses y 1 año | O42: Técnico De Software | P42: Sí | Q42: Ingeniería De Sistemas | R42: No
A43: 46298.72 | B43: JAVIER EDUARDO NARVÁEZ PAREDES | C43: 76311105 | D43: 25555 | E43: 56 | F43: Hombre | G43: Casado(a) | H43: POPAYÁN (CAUCA). | J43: CONDUCTOR U.M | K43: EXTRAMURAL | L43: U.M.FELICIDAD | M43: Entre 1 y 3 años | O43: CONDUCTOR./ TÉCNICO EN URGENCIAS MEDICAS | P43: No | R43: Sí | S43: 3 | T43: 34120 | U43: 33 | V43: Hombre | W43: No | X43: CALI | Y43: 38139 | Z43: 22 | AA43: Mujer | AB43: No | AC43: CALI | AD43: 41393 | AE43: 13 | AF43: Mujer | AG43: Sí | AH43: POPAYÁN
A44: 46298.744 | B44: ANGELICA PAOLA GOMEZ MEZA | C44: 30237471 | D44: 30652 | E44: 42 | F44: Mujer | G44: Soltero(a) | H44: MANIZALES | J44: PROFESIONAL CALIDAD | K44: ADMINISTRATIVA | L44: MANIZALES | M44: Menos de 6 meses | O44: ODONTOLOGA | P44: No | R44: Sí | S44: 1 | T44: 41102 | U44: 14 | V44: Hombre | W44: Sí | X44: MANIZALES
A45: 46299.503 | B45: Rosa del Carmen Mesías fernandez | C45: 1085250111 | D45: 31537 | E45: 40 | F45: Mujer | G45: Divorciado(a) | H45: Cto de Genoy pasto | J45: Tecnologa en imágenes Diagnósticas | K45: Unidad móvil | L45: UM COMPASIÓN | M45: Entre 1 y 3 años | O45: Tecnologa en Radiodiagnóstico y Radioterapia | P45: No | R45: Sí | S45: 2 | T45: 40566 | U45: 15 | V45: Mujer | W45: Sí | X45: Genoy Pasto | Y45: 42810 | Z45: 9 | AA45: Hombre | AB45: Sí | AC45: Genoy Pasto
A46: 46299.82 | B46: Edgar Horacio Zamudio López | C46: 76326036 | D46: 28039 | E46: 49 | F46: Hombre | G46: Soltero(a) | H46: Popayán | J46: Conductor | K46: Administrativo | L46: UM COMPASIÓN | M46: Menos de 6 meses | O46: Tecnólogo | P46: No | R46: Sí | S46: 1 | T46: 36671 | U46: 26 | V46: Hombre | W46: No | X46: Popayán
A47: 46300.3 | B47: MARIA JIMENA PORRAS TAMAYO | C47: 1121196374 | D47: 38047 | E47: 22 | F47: Mujer | G47: Soltero(a) | H47: MANIZALES | J47: ORIENTADORA | K47: ASISTENCIAL | L47: IPS HORISOES | M47: Menos de 6 meses | O47: AUXILIAR DE ENFEMERÍA | P47: No | R47: No
A48: 46300.31 | B48: Jhovan Ricardo Guevara Bueno | C48: 1094950565 | D48: 34905 | E48: 31 | F48: Hombre | G48: Soltero(a) | H48: Armenia | J48: Médico general | K48: Asistencial | L48: Armenia Laureles | M48: Menos de 6 meses | O48: Médico | P48: No | R48: No
A49: 46300.312 | B49: Carolay Yiseth Gomez Prada | C49: 101007538 | D49: 37674 | E49: 23 | F49: Mujer | G49: Soltero(a) | H49: Armenia | J49: Auxiliar de agendamiento | K49: Agendamiento | L49: Sede administrativa | M49: Entre 6 meses y 1 año | O49: Auxiliar de enfermería | P49: Sí | Q49: Seguridad y salud en el trabajo | R49: No
A50: 46300.314 | B50: Diana Milena Calderon Velez | C50: 1098309813 | D50: 34040 | E50: 33 | F50: Mujer | G50: Unión libre | H50: circasia | J50: Auxiliar de agendamiento | K50: Administrativa | L50: Administrativa | M50: Entre 1 y 3 años | O50: Tecnico en auxiliar de enfermeria | P50: No | R50: Sí | S50: 1 | T50: 42181 | U50: 11 | V50: Hombre | W50: Sí | X50: circasia
A51: 46300.315 | B51: Alexandra Julieth Cantillo Ramos | C51: 1082972156 | D51: 34205 | E51: 33 | F51: Mujer | G51: Unión libre | H51: Calarca | J51: PROFESIONAL DE TALENTO HUMANO | K51: Talento Humano | L51: Nacional | M51: Entre 1 y 3 años | O51: Psicologa | P51: Sí | Q51: Especialización | R51: No
A52: 46300.316 | B52: EVELIN DAMARIZ ORTEGA PANTOJA | C52: 1087048400 | D52: 34388 | E52: 32 | F52: Mujer | G52: Casado(a) | H52: ARMENIA | J52: COORDINADORA MEDICO NACIONAL | K52: OPERACIONES | L52: NACIONAL | M52: Menos de 6 meses | O52: MEDICO GENERAL, ESP AUDIOTRIA MEDICA | P52: Sí | Q52: ESPECIALISTA EN GERENCIA HOSPITALARIA | R52: No
A53: 46300.32 | B53: Juan Diego Muñeton Brito | C53: 1098313885 | D53: 36540 | E53: 26 | F53: Hombre | G53: Unión libre | H53: Circasia | J53: Profesional de informacion | K53: Administrativa | L53: Nacional | M53: Entre 1 y 3 años | O53: Ingeniero de sistemas | P53: Sí | Q53: Ingeniería de sistemas | R53: No
A54: 46300.323 | B54: Laura Vanessa Jiménez Aristizábal | C54: 1060652947 | D54: 34426 | E54: 32 | F54: Mujer | G54: Soltero(a) | H54: Villamaría | J54: Enfermera jefe | K54: Vacunación | L54: Sede Manizales | M54: Menos de 6 meses | O54: Enfermera profesional | P54: Sí | Q54: Especialización Auditoría en salud | R54: Sí | S54: 1 | T54: 45406 | U54: 2 | V54: Hombre | W54: Sí | X54: Villamaría
A55: 46300.324 | B55: maria fernanda pescador lora | C55: 1094961794 | D55: 35554 | E55: 29 | F55: Mujer | G55: Soltero(a) | H55: armenia | J55: Profesional de Cartera | K55: Financiera | L55: Sede Administrativa | M55: Entre 1 y 3 años | O55: Contaduria | P55: No | R55: No
A56: 46300.326 | B56: Mario Alberto Payán Arce | C56: 1094970908 | D56: 36082 | E56: 27 | F56: Prefiero no responder | G56: Soltero(a) | H56: Calarcá | J56: Técnico Contable | K56: Financiera | L56: Administrativa | M56: Entre 1 y 3 años | O56: Contador Público | P56: No | R56: No
A57: 46300.326 | B57: Gloria esperanza Guapacha Tonuzco | C57: 1094933040 | D57: 34003 | E57: 33 | F57: Mujer | G57: Unión libre | H57: Armenia Quindío | J57: Profesional Contable | K57: Financiera | L57: ARMENIA QUINDIO | M57: Entre 1 y 3 años | O57: Contadora Pública | P57: No | R57: Sí | S57: 1 | T57: 41317 | U57: 13 | V57: Hombre | W57: Sí | X57: Armenia Quindio
A58: 46300.33 | B58: Andrea Yaneth Gutierrez Gonzales | C58: 1098311423 | D58: 35012 | E58: 30 | F58: Mujer | G58: Unión libre | H58: Armenia | J58: Técnico auditoria cuentas medicas | K58: auditoria | L58: sede administrativa armenia | M58: Entre 6 meses y 1 año | O58: técnico auditoria | P58: No | R58: No
A59: 46300.33 | B59: CARLOS ANDRES RAMIREZ MARTINEZ | C59: 75057188 | D59: 31663 | E59: 40 | F59: Hombre | G59: Soltero(a) | H59: MONTENENGROP QUINDIO | J59: TECNICO DE AUDITORIA | K59: ADMINISTRATIVO | L59: ARMENIA | M59: Entre 6 meses y 1 año | O59: AUXILIAR ADMINISTRATIVO | P59: No | R59: No
A60: 46300.332 | B60: Arley Vicente Forero Tovar | C60: 15373819 | D60: 31007 | E60: 41 | F60: Hombre | G60: Soltero(a) | H60: Calarcá | J60: Técnico Auditoria Cuentas Medicas | K60: Auditoria | L60: Sede administrativa-Armenia | M60: Entre 1 y 3 años | O60: Tecnólogo en Investigación Judicial | P60: No | R60: No
A61: 46300.333 | B61: Yulianna Tabares Pelaez | C61: 1005088254 | D61: 37272 | E61: 24 | F61: Mujer | G61: Soltero(a) | H61: Armenia | J61: Profesional Tesoreria | K61: Recursos Financieros | L61: Nacional | M61: Entre 1 y 3 años | O61: Contadora Publica | P61: Sí | Q61: Curso de ingles | R61: No
A62: 46300.335 | B62: CARLOS ANDRES NAVIA BRAVO | C62: 1005133644 | D62: 37008 | E62: 25 | F62: Hombre | G62: Unión libre | H62: Calarcá Quindío | J62: Técnico en Radicación | K62: Facturación | L62: Sede principal Armenia | M62: Entre 6 meses y 1 año | O62: Radicador | P62: Sí | Q62: Ingeniería en sistemas y computación | R62: Sí | S62: 1 | T62: 45570 | U62: 2 | V62: Mujer | W62: Sí | X62: Calarcá
A63: 46300.339 | B63: Milvia Zemanate | C63: 34329585 | D63: 31202 | E63: 41 | F63: Mujer | G63: Unión libre | H63: Armenia | J63: Profesional Costos | K63: Recursos Financieros | L63: Nacional- Armenia | M63: Entre 1 y 3 años | O63: Tecnico en Auxiliar de Enfermeria | P63: No | R63: Sí | S63: 2 | T63: 39040 | U63: 19 | V63: Mujer | W63: No | X63: Popayan | Y63: 40442 | Z63: 16 | AA63: Mujer | AB63: No | AC63: Popayan
A64: 46300.341 | B64: Paulo Cesar Navarro | C64: 76324619 | D64: 27912 | E64: 50 | F64: Hombre | G64: Casado(a) | H64: Armenia | J64: Coordinador Auditoria Cuentas Medicas | K64: Administrativa | L64: Administrativa | M64: Más de 5 años | O64: Gestion de Procesos Administrativos en Salud | P64: No | R64: Sí | S64: 1 | T64: 39746 | U64: 17 | V64: Hombre | W64: Sí | X64: Armenia
A65: 46300.345 | B65: CESAR AUGUSTO ORDOÑEZ BASTIDAS | C65: 1094950545 | D65: 34906 | E65: 31 | F65: Hombre | G65: Soltero(a) | H65: Armenia | J65: Profesional de Calidad Armenia | K65: CALIDAD | L65: ADMINISTRATIVA ARMENIA | M65: Menos de 6 meses | O65: ADMINISTRADOR AMBIENTAL | P65: No | R65: No
A66: 46300.356 | B66: ESPERANZA ANDREA FLOREZ CARDENAS | C66: 1094953541 | D66: 35049 | E66: 30 | F66: Mujer | G66: Soltero(a) | H66: Armenia | J66: Tecnica Radicacion | K66: Radicacion | L66: Armenia sede administrativa | M66: Entre 6 meses y 1 año | O66: Tecnico en apoyo administrativo en salud | P66: Sí | Q66: Administracion Financiera | R66: No
A67: 46300.357 | B67: Sandra Patricia Bermudez Pachon | C67: 41947019 | D67: 29417 | E67: 46 | F67: Mujer | G67: Soltero(a) | H67: Armenia | J67: Técnico De Audioría | K67: Auditoría | L67: Administrativa | M67: Entre 6 meses y 1 año | O67: Auditoría | P67: No | R67: Sí | S67: 1 | T67: 39001 | U67: 19 | V67: Mujer | W67: Sí | X67: Armenia
A68: 46300.357 | B68: MARIA ALEJANDRA FAJARDO QUINTERO | C68: 1061762085 | D68: 34205 | E68: 33 | F68: Mujer | G68: Soltero(a) | H68: POPAYAN | J68: PROFESIONAL CONTABLE | K68: CONTABLE | L68: SEDE POPAYAN | M68: Más de 5 años | O68: CONTADOR PUBLICO | P68: No | R68: Sí | S68: 1 | T68: 45542 | U68: 2 | V68: Mujer | W68: Sí | X68: POPAYAN
A69: 46300.358 | B69: Derly Yurany Ortiz Salazar | C69: 1094959494 | D69: 35389 | E69: 29 | F69: Mujer | G69: Soltero(a) | H69: Armenia, Quindío | J69: Profesional Administrativa | K69: Administrativa | L69: Armenia, sede administrativa | M69: Entre 1 y 3 años | O69: Administradora Financiera | P69: No | R69: No
A70: 46300.365 | B70: OSCAR DAVID CUARTAS SANCHEZ | C70: 1092850446 | D70: 38107 | E70: 22 | F70: Hombre | G70: Soltero(a) | H70: ARMENIA | J70: TECNICO ADMINISTRATIVO EN CONTRATACION Y SST | K70: TALENTO HUMANO | L70: SEDE ADMINSITRATIVA ARMENIA | M70: Entre 1 y 3 años | O70: TECNOLOGO EN SISTEMAS INTEGRADOS DE GESTION | P70: Sí | Q70: INGENIERIA INDSUTRIAL | R70: No
A71: 46300.388 | B71: Maria fernanda duran jaimes | C71: 1012444992 | D71: 35630 | E71: 29 | F71: Mujer | G71: Soltero(a) | H71: Armenia | J71: auxiliar de autorizaciones | K71: Facturacion | L71: sede administrativa horisoes armenia | M71: Entre 6 meses y 1 año | O71: tecnica en salud publica y tecnologa en talento humano | P71: No | R71: Sí | S71: 1 | T71: 43865 | U71: 6 | V71: Hombre | W71: Sí | X71: armenia
A72: 46300.39 | B72: Francy Katherine Osorio Arboleda | C72: 1094917446 | D72: 33168 | E72: 35 | F72: Mujer | G72: Unión libre | H72: Armenia | J72: Tecnica de Facturacion | K72: Facturacion | L72: Administrativa | M72: Entre 6 meses y 1 año | O72: Tecnico en Administracion en Salud | P72: Sí | Q72: Pregrado en Administracion en Salud | R72: Sí | S72: 2 | T72: 40376 | U72: 16 | V72: Mujer | W72: Sí | X72: Armenia | Y72: 42217 | Z72: 11 | AA72: Hombre | AB72: Sí | AC72: Armenia
A73: 46300.391 | B73: Yuly Alejandra Villamil Camargo | C73: 1094951546 | D73: 34961 | E73: 31 | F73: Mujer | G73: Casado(a) | H73: ARMENIA | J73: PROFESIONAL DE SST | K73: TALENTO HUMANO | L73: NACIONAL ARMENIA | M73: Entre 1 y 3 años | O73: PROFESIONAL DE SST | P73: No | R73: Sí | S73: 1 | T73: 44235 | U73: 5 | V73: Hombre | W73: Sí | X73: ARMENIA
A74: 46300.393 | B74: YOVANA LORENA PAZ URIBE | C74: 34318836 | D74: 30240 | E74: 43 | F74: Mujer | G74: Soltero(a) | H74: POPAYAN | J74: AUXILIAR SIAU | K74: ASISTENCIAL | L74: POPAYAN | M74: Menos de 6 meses | O74: PSICOLOGA | P74: Sí | Q74: ESPECIALIZACION EN SALUD MENTAL COMUNITARIA | R74: Sí | S74: 1 | T74: 40942 | U74: 14 | V74: Mujer | W74: Sí | X74: POPAYAN
A75: 46300.399 | B75: LUIS ALEJANDRO CALDERON RAMIREZ | C75: 1094895791 | D75: 32231 | E75: 38 | F75: Hombre | G75: Soltero(a) | H75: Armenia | J75: Aprendiz SENA | K75: Calidad | L75: Sede Administrativa | M75: Menos de 6 meses | O75: Licenciad en Educación Física y Deportes | P75: No | R75: No
A76: 46300.424 | B76: DIANA PATRICIA FERNANDEZ HUERTAS | C76: 34326819 | D76: 30933 | E76: 42 | F76: Mujer | G76: Casado(a) | H76: Popayán | J76: Enfermera OPS | K76: Administrativa | L76: Popayán | M76: Entre 6 meses y 1 año | O76: Enfermera | P76: No | R76: Sí | S76: 2 | T76: 37856 | U76: 23 | V76: Hombre | W76: No | X76: Pereira | Y76: 41167 | Z76: 14 | AA76: Mujer | AB76: Sí | AC76: Popayán
A77: 46300.426 | B77: Lisa María Castaño Pava | C77: 45689747 | D77: 28468 | E77: 48 | F77: Mujer | G77: Casado(a) | H77: Popayán | J77: Coordinadora de sede (Popayán) | K77: Operación | L77: Sede el Recuerdo | M77: Más de 5 años | O77: Bacteriologa | P77: No | R77: Sí | S77: 1 | T77: 40889 | U77: 14 | V77: Hombre | W77: Sí | X77: Popayán
A78: 46300.441 | B78: Juan Felipe Gonzalez Engativa | C78: 1006325668 | D78: 37659 | E78: 23 | F78: Hombre | G78: Soltero(a) | H78: Armenia | J78: Auxiliar de enfermeria | K78: Area de agendamiento | L78: Sede Administrativa | M78: Entre 6 meses y 1 año | O78: Auxiliar de enfermeria | P78: Sí | Q78: Licenciatura en lenguas modernas | R78: No
A79: 46300.447 | B79: Estefania Salcedo Padilla | C79: 1094944581 | D79: 34573 | E79: 32 | F79: Mujer | G79: Soltero(a) | H79: Armenia | J79: Aux facturación | K79: asistencias | L79: sede laureles | M79: Entre 1 y 3 años | O79: Administradora de empresas | P79: Sí | Q79: Carrera Administración de empresas | R79: No
A80: 46300.459 | B80: MONICA ALEXANDRA PABON MONTENEGRO | C80: 48600890 | D80: 27856 | E80: 50 | F80: Mujer | G80: Soltero(a) | H80: POPAYAN | J80: AUXILIAR DE FACTURACION | K80: FACTURACION | L80: SEDE POPAYAN | M80: Menos de 6 meses | O80: TECNOLOGO EN ADMINISTRACION EN SALUD | P80: No | R80: Sí | S80: 2 | T80: 36272 | U80: 27 | V80: Hombre | W80: Sí | X80: POPAYAN | Y80: 39735 | Z80: 17 | AA80: Hombre | AB80: Sí | AC80: POPAYAN
A81: 46300.481 | B81: MARIBEL TUQUERRES SALAMANCA | C81: 1094923033 | D81: 33497 | E81: 35 | F81: Mujer | G81: Unión libre | H81: Armenia Quindio | J81: Técnica en facturación | K81: Administrativo | L81: Armenia Quindío | M81: Entre 6 meses y 1 año | O81: Facturación | P81: No | R81: No
A82: 46300.508 | B82: Ana Maria Hincapie Pinzon | C82: 1094945401 | D82: 34629 | E82: 31 | F82: Mujer | G82: Soltero(a) | H82: Armenia | J82: Coordinadora Financiera | K82: Financiera | L82: Administrativa | M82: Entre 1 y 3 años | O82: Contadora Pública | P82: No | R82: No
A83: 46300.522 | B83: DAHIANNA RENDON ROMERO | C83: 1089385637 | D83: 35046 | E83: 30 | F83: Mujer | G83: Unión libre | H83: MANIZALES | J83: ENFERMERA ASISTENCIAL | K83: ASISTENCIAL | L83: MANIZALES | M83: Entre 6 meses y 1 año | O83: ENFERMERA PROFESIONAL | P83: No | R83: Sí | S83: 1 | T83: 45778 | U83: 1 | V83: Hombre | W83: Sí | X83: MANIZALES
A84: 46300.522 | B84: Rommell Rodriguez Sanchez | C84: 16799687 | D84: 26434 | E84: 54 | F84: Mujer | G84: Casado(a) | H84: armenia quindio | J84: tecnico de autorizaciones | K84: administrativo | L84: armenia quindio | M84: Entre 1 y 3 años | O84: autorizaciones de servicios de salud | P84: No | R84: Sí | S84: 1 | T84: 38203 | U84: 22 | V84: Hombre | W84: Sí | X84: armenia
A85: 46300.538 | B85: ANDRES FELIPE ORDOÑEZ BASTIDAS | C85: 1094897246 | D85: 32304 | E85: 38 | F85: Hombre | G85: Casado(a) | H85: Armenia quindio | J85: Directo de calidad, información y gestión del riesgo | K85: Gerencia medica | L85: Administrativa armenia | M85: Menos de 6 meses | O85: Enfermero con especializaciones administrativas | P85: No | R85: Sí | S85: 1 | T85: 45199 | U85: 3 | V85: Mujer | W85: Sí | X85: Armenia
A86: 46300.689 | B86: lina marcela lopez castro | C86: 1061743662 | D86: 33571 | E86: 34 | F86: Mujer | G86: Soltero(a) | H86: Popayán | J86: asesora jurídica | K86: gerencia administrativa | L86: Popayán | M86: Entre 1 y 3 años | O86: abogada | P86: No | R86: No
A87: 46300.702 | B87: Jaime Paez Ahumada | C87: 9096760 | D87: 28371 | E87: 49 | F87: Hombre | G87: Unión libre | H87: Popayán (Cauca) | J87: Coordinador Nacional de Procesos - Profesional de Calidad | K87: Administrativa | L87: Sede Principal Popayán | M87: Entre 1 y 3 años | O87: Ingeniero Industrial | P87: No | R87: Sí | S87: 3 | T87: 38623 | U87: 21 | V87: Mujer | W87: No | X87: Cartagena | Y87: 39196 | Z87: 19 | AA87: Hombre | AB87: No | AC87: Cartagena | AD87: 41200 | AE87: 13 | AF87: Mujer | AG87: No | AH87: Cartagena
A88: 46300.748 | B88: Douglas Steban Tabarquino | C88: 1001217594 | D88: 37452 | E88: 24 | F88: Hombre | G88: Soltero(a) | H88: Armenia, Quindio | J88: Profesional de informacion | K88: Gestión de la información | L88: Administrativa | M88: Entre 6 meses y 1 año | O88: Ingeniero de sistemas y computo | P88: No | R88: No
A89: 46300.779 | B89: Ricardo Aaron Perafan Mosquera | C89: 76325636 | D89: 28186 | E89: 49 | F89: Hombre | G89: Unión libre | H89: Popayan | J89: Conductor | K89: Administrativa | L89: Unidad Movil Amor | M89: Entre 3 y 5 años | O89: Conductor | P89: No | R89: Sí | S89: 2 | T89: 36271 | U89: 27 | V89: Mujer | W89: Sí | X89: Popayan | Y89: 39749 | Z89: 17 | AA89: Hombre | AB89: Sí | AC89: Popayan
A90: 46300.782 | B90: Anyi johana castro vasquez | C90: 1007813226 | D90: 36865 | E90: 25 | F90: Mujer | G90: Soltero(a) | H90: Armenia | J90: Auxiliar toma de muestras unidad movil | K90: Toma de muestras de laboratorio y VPH | L90: Unidad movil amor | M90: Entre 1 y 3 años | O90: Auxiliar en enfermeria | P90: No | R90: No
A91: 46301.396 | B91: Alba Lisseth Torres Capote | C91: 1058932121 | D91: 38179 | E91: 22 | F91: Mujer | G91: Soltero(a) | H91: popayán | J91: Auxiliar en Toma de Muestras | K91: Toma de muestras | L91: Compasión | M91: Menos de 6 meses | O91: Auxiliar en Enfermería | P91: No | R91: No
A92: 46301.417 | B92: JUAN DAVID MORALES MARTINEZ | C92: 1094937297 | D92: 34226 | E92: 33 | F92: Hombre | G92: Divorciado(a) | H92: Armenia | J92: Coordinador de facturación | K92: Administrativa | L92: Sede nacional armenia | M92: Entre 6 meses y 1 año | O92: Administrador denegocios | P92: Sí | Q92: Diplomado en excel y manejo de Inteligencia Artificial | R92: No
A93: 46301.548 | B93: INGRITE LILIANA RODRIGUEZ ARAUJO | C93: 1085689384 | D93: 34079 | E93: 33 | F93: Mujer | G93: Soltero(a) | H93: POPAYAN | J93: ENFERMERA | K93: ASISTENCIAL | L93: SEDE POPAYAN | M93: Menos de 6 meses | O93: ENFERMERA PROFESIONAL | P93: No | R93: No
A94: 46301.575 | B94: Nicolas Rubiano Joya | C94: 1092454724 | D94: 38202 | E94: 22 | F94: Hombre | G94: Soltero(a) | H94: Armenia | J94: Auxiliar de Agendamiento | K94: Agendamiento | L94: Administrativa | M94: Menos de 6 meses | O94: Técnico en Sistemas | P94: No | R94: No
A95: 46301.598 | B95: TIANA YAMARY GUERRA CADENA | C95: 1053843916 | D95: 34904 | E95: 31 | F95: Mujer | G95: Unión libre | H95: Armenia | J95: Bacterióloga | K95: Sociosanitaria | L95: Sede administrativa - Armenia | M95: Entre 6 meses y 1 año | O95: Bacterióloga | P95: No | R95: Sí | S95: 1 | T95: 44728 | U95: 4 | V95: Mujer | W95: Sí | X95: Armenia
A96: 46302.47 | B96: Marlon Alejandro Mayorquin Cruz | C96: 1061816592 | D96: 36245 | E96: 27 | F96: Hombre | G96: Soltero(a) | H96: Popayán | J96: Director de TI | K96: Tics | L96: Popayán | M96: Entre 3 y 5 años | O96: Ingeniero de Sistemas | P96: No | R96: No
A97: 46302.548 | B97: ESPERANZA ISABEL LORA MORENO | C97: 1006732041 | D97: 37391 | E97: 24 | F97: Mujer | G97: Soltero(a) | H97: LETICIA AMAZONAS | J97: AUXILIAR DE ENFERMERIA | K97: ADMINITRATIVA | L97: LETICIA | M97: Entre 1 y 3 años | O97: AUXILIAR | P97: No | R97: Sí | S97: 2 | T97: 45174 | U97: 3 | V97: Mujer | W97: Sí | X97: LETICIA | Y97: 45923 | Z97: 1 | AA97: Hombre | AB97: Sí | AC97: LETICIA
A98: 46302.69 | B98: AIDA ALICIA AVIRAMA MAPALLO | C98: 34569893 | D98: 27233 | E98: 52 | F98: Mujer | G98: Casado(a) | H98: POPAYAN | J98: ORIENTADORA | K98: ASISTENCIAL | L98: HORISOES | M98: Más de 5 años | O98: ORIENTADORA | P98: No | R98: Sí | S98: 1 | T98: 35410 | U98: 29 | V98: Hombre | W98: Sí | X98: POPAYAN
A99: 46303.41 | B99: Diego Fernando Burgos | C99: 14898857 | D99: 27603 | E99: 51 | F99: Hombre | G99: Casado(a) | H99: Armenia | J99: Director de Recursos Humanos | K99: Recursos Humanos | L99: Nacional | M99: Entre 1 y 3 años | O99: Ingeniero Físico | P99: Sí | Q99: Especialización en inteligencia Artificial | R99: Sí | S99: 1 | T99: 43520 | U99: 7 | V99: Hombre | W99: Sí | X99: Armenia
A100: 46303.463 | B100: Anyela amparo Bermudez Quintana | C100: 1059606638 | D100: 36076 | E100: 28 | F100: Mujer | G100: Soltero(a) | H100: Morales Cauca | J100: Auxiliar de toma de muestras | K100: Unidad móvil | L100: Felicidad | M100: Entre 6 meses y 1 año | O100: Tomar muestras | P100: No | R100: Sí | S100: 1 | T100: 43919 | U100: 6 | V100: Mujer | W100: Sí | X100: Morales Cauca
...

Sheet 4-11_anos
A1: # | B1: Nombre del empleado | C1: Documento | D1: telefono | E1: Ciudad residencia | F1: Hijo | G1: Edad | H1: Sexo | I1: ¿Vive con usted? | J1: Ciudad donde vive | K1: DIRECCION
A2: 1 | B2: Laura Valentina Jaramillo Garcia | C2: 1192801294 | D2: {=_xlfn.XLOOKUP(C2,bd_colaboradores!A:A,bd_colaboradores!H:H)} | E2: Manizales | F2: Hijo 1 | G2: 4 | H2: Hombre | I2: Sí | J2: Manizales | K2: {=_xlfn.XLOOKUP(C2,bd_colaboradores!A:A,bd_colaboradores!I:I)}
A3: 2 | B3: Melissa Paola Chica Beleño | C3: 1102812141 | D3: {=_xlfn.XLOOKUP(C3,bd_colaboradores!A:A,bd_colaboradores!H:H)} | E3: Armenia | F3: Hijo 1 | G3: 7 | H3: Hombre | I3: Sí | J3: Armenia | K3: {=_xlfn.XLOOKUP(C3,bd_colaboradores!A:A,bd_colaboradores!I:I)}
A4: 3 | B4: Alejandra Ojeda | C4: 1061747471 | D4: {=_xlfn.XLOOKUP(C4,bd_colaboradores!A:A,bd_colaboradores!H:H)} | E4: Popayán | F4: Hijo 1 | G4: 6 | H4: Hombre | I4: Sí | J4: Popayán | K4: {=_xlfn.XLOOKUP(C4,bd_colaboradores!A:A,bd_colaboradores!I:I)}
A5: 4 | B5: Jair Ducardo Lopez Muñoz | C5: 10301042 | D5: {=_xlfn.XLOOKUP(C5,bd_colaboradores!A:A,bd_colaboradores!H:H)} | E5: Popayán | F5: Hijo 1 | G5: 11 | H5: Hombre | I5: No | J5: Popayán | K5: {=_xlfn.XLOOKUP(C5,bd_colaboradores!A:A,bd_colaboradores!I:I)}
A6: 5 | B6: Yuli Andrea Joaquí Romero | C6: 1061747303 | D6: {=_xlfn.XLOOKUP(C6,bd_colaboradores!A:A,bd_colaboradores!H:H)} | E6: Popayán | F6: Hijo 1 | G6: 4 | H6: Mujer | I6: Sí | J6: Popayán | K6: {=_xlfn.XLOOKUP(C6,bd_colaboradores!A:A,bd_colaboradores!I:I)}
A7: 6 | B7: Melissa Virginia Vasquez Ceron | C7: 34318000 | D7: {=_xlfn.XLOOKUP(C7,bd_colaboradores!A:A,bd_colaboradores!H:H)} | E7: Popayán | F7: Hijo 2 | G7: 6 | H7: Hombre | I7: Sí | J7: Popayán | K7: {=_xlfn.XLOOKUP(C7,bd_colaboradores!A:A,bd_colaboradores!I:I)}
A8: 7 | B8: Eva Aides Parales Ramirez | C8: 1116864845 | D8: {=_xlfn.XLOOKUP(C8,bd_colaboradores!A:A,bd_colaboradores!H:H)} | E8: Málaga (Santander) | F8: Hijo 2 | G8: 6 | H8: Hombre | I8: Sí | J8: Málaga Santander | K8: {=_xlfn.XLOOKUP(C8,bd_colaboradores!A:A,bd_colaboradores!I:I)}
A9: 8 | B9: Eva Aides Parales Ramirez | C9: 1116864845 | D9: {=_xlfn.XLOOKUP(C9,bd_colaboradores!A:A,bd_colaboradores!H:H)} | E9: Málaga (Santander) | F9: Hijo 3 | G9: 4 | H9: Hombre | I9: Sí | J9: Málaga Santander | K9: {=_xlfn.XLOOKUP(C9,bd_colaboradores!A:A,bd_colaboradores!I:I)}
A10: 9 | B10: Ángela Yolima Guamanga Samboni | C10: 34316697 | D10: {=_xlfn.XLOOKUP(C10,bd_colaboradores!A:A,bd_colaboradores!H:H)} | E10: Popayán | F10: Hijo 2 | G10: 7 | H10: Hombre | I10: Sí | J10: Popayán | K10: {=_xlfn.XLOOKUP(C10,bd_colaboradores!A:A,bd_colaboradores!I:I)}
A11: 10 | B11: Tiana Yamary Guerra Cadena | C11: 1053843916 | D11: {=_xlfn.XLOOKUP(C11,bd_colaboradores!A:A,bd_colaboradores!H:H)} | E11: Armenia | F11: Hijo 1 | G11: 4 | H11: Mujer | I11: Sí | J11: Armenia | K11: {=_xlfn.XLOOKUP(C11,bd_colaboradores!A:A,bd_colaboradores!I:I)}
A12: 11 | B12: Anyela Amparo Bermudez Quintana | C12: 1059606638 | D12: {=_xlfn.XLOOKUP(C12,bd_colaboradores!A:A,bd_colaboradores!H:H)} | E12: Morales (Cauca) | F12: Hijo 1 | G12: 6 | H12: Mujer | I12: Sí | J12: Morales Cauca | K12: {=_xlfn.XLOOKUP(C12,bd_colaboradores!A:A,bd_colaboradores!I:I)}
A13: 12 | B13: María Fernanda Durán Jaimes | C13: 1012444992 | D13: {=_xlfn.XLOOKUP(C13,bd_colaboradores!A:A,bd_colaboradores!H:H)} | E13: Armenia | F13: Hijo 1 | G13: 6 | H13: Hombre | I13: Sí | J13: Armenia | K13: {=_xlfn.XLOOKUP(C13,bd_colaboradores!A:A,bd_colaboradores!I:I)}
... A25: 24 | B25: Yustin Estefania Aguirre Gaviria | C25: 1053822718 | D25: {=_xlfn.XLOOKUP(C25,bd_colaboradores!A:A,bd_colaboradores!H:H)} | E25: Manizales | F25: Hijo 1 | G25: 11 | H25: Mujer | I25: Sí | J25: Manizales | K25: {=_xlfn.XLOOKUP(C25,bd_colaboradores!A:A,bd_colaboradores!I:I)}
A26: 25 | B26: Katerine Rosero Estrada | C26: 1061699732 | D26: 3215197275 | E26: Popayán | F26: Hijo 1 | G26: 10 | H26: Mujer | I26: Sí
A27: 26 | B27: Gerson Oved Reyes Manzano | C27: 1061714835 | D27: 3147722474 | E27: Popayán | F27: Hijo 1 | G27: 6 | H27: Hombre | I27: Sí
A28: 27 | B28: Susan Gomez Hernandez | C28: 34326410 | D28: 3182573837 | E28: Popayán | F28: Hijo 1 | G28: 11 | H28: Mujer | I28: Sí

Sheet bd_colaboradores
A1: CEDULA | B1: GENERO | C1: Columna 3 | D1: CARGO | E1: CORREO CORPORATIVO | F1: MACROPROCESO | G1: CORREO JEFE DIRECTO | H1: CELULAR | I1: DIRECCION | J1: CORREO PERSONAL | K1: JEFE DIRECTO | L1: CIUDAD DE RESIDENCIA | M1: FECHA NACIMIENTO | N1: FECHA EXPEDICION CEDULA | O1: CIUDAD EXPEDICION | P1: RH | Q1: ESTADO CIVIL | R1: HIJOS | S1: CUANTOS | T1: FECHA DE INGRESO | U1: Columna 7 | V1: ANTIGUEDAD | W1: Columna 23 | X1: Columna 10 | Y1: FUNCION | Z1: EMPRESA | AA1: CIUDAD DE LABORES | AB1: SEDE | AC1: TIPO CONTRATO | AD1: ESTADO | AE1: FOTO | AF1: Column 32 | AG1: Column 33 | AH1: Column 34 | AI1: Column 35 | AJ1: Column 36 | AK1: Column 37 | AL1: Column 38 | AM1: Column 39 | AN1: Column 40 | AO1: Column 41 | AP1: Column 42 | AQ1: Column 43 | AR1: Column 44 | AS1: Column 45 | AT1: Column 46 | AU1: Column 47 | AV1: Column 48 | AW1: Column 49 | AX1: Column 50 | AY1: Column 51 | AZ1: Column 52 | BA1: Column 53 | BB1: Column 54 | BC1: Column 55 | BD1: Column 56 | BE1: Column 57 | BF1: Column 58 | BG1: Column 59 | BH1: Column 60 | BI1: Column 61 | BJ1: Column 62 | BK1: Column 63 | BL1: Column 64 | BM1: Column 65 | BN1: Column 66 | BO1: Column 67 | BP1: Column 68 | BQ1: Column 69 | BR1: Column 70
A2: 79886896 | B2: M | C2: OSCAR ADRIAN VIVAS RAMIREZ | D2: GERENTE GENERAL | E2: oscar.vivas@saludhorisoes.org | F2: GERENCIA | G2: oscar.vivas@saludhorisoes.org | H2: 3147927981 | I2: CARRERA 17 # 56 -42 | J2: fernandovivasramire@hotmail.com | K2: PAOLA ANDRADE | L2: ARMENIA | M2: 28525 | N2: 35118 | O2: BOGOTA | P2: A+ | Q2: CASADO | R2: SI | S2: 3 | T2: 42842 | U2: 42826 | V2: 9.49 | W2: SIN DATO | Y2: ADMINISTRATIVA | Z2: SALUD HORISOES | AA2: ARMENIA | AB2: NACIONAL | AC2: INDEFINIDO | AD2: ACTIVO
A3: 52695133 | B3: F | C3: PAULA ANDREA VIVAS RAMIREZ | D3: PROFESIONAL ADMINISTRATIVA | E3: paula.vivas@saludhorisoes.org | F3: RECURSOS FISICOS | G3: dellanir.naizir@saludhorisoes.org | H3: 3013777111 | I3: CARRERA 17 # 48N 18 | J3: paula.vivas@ipshorisoes.org | K3: DELLANIR NAIZIR | L3: ARMENIA | M3: 29041 | N3: 35826 | O3: BOGOTA | P3: O+ | Q3: SOLTERO | R3: SI | S3: 2 | T3: 42887 | U3: 42887 | V3: 9.37 | W3: SIN DATO | Y3: ADMINISTRATIVA | Z3: SALUD HORISOES | AA3: ARMENIA | AB3: NACIONAL | AC3: INDEFINIDO | AD3: ACTIVO
A4: 1042436048 | B4: F | C4: MONICA INES BARCASNEGRAS VILLALOBOS | D4: GERENCIA DE PRESTACION DE SERIVICIOS | E4: monica.barcasnegras@saludhorisoes.org | F4: GERENCIA | G4: oscar.vivas@saludhorisoes.org | H4: 3162974847 | I4: CARRERA 36 # 17 - 122 BARRIO LA UNION | J4: monik9008@hotmail.com | K4: OSCAR VIVAS | L4: BARRANQUILLA | M4: 33215 | N4: 39822 | O4: SOLEDAD | P4: O+ | Q4: SOLTERO | R4: NO | S4: 0 | T4: 43070 | U4: 43070 | V4: 8.87 | W4: SIN DATO | Y4: OPERATIVO | Z4: SALUD HORISOES | AA4: ARMENIA | AB4: NACIONAL | AC4: INDEFINIDO | AD4: ACTIVO
A5: 1061762085 | B5: F | C5: MARIA ALEJANDRA FAJARDO QUINTERO | D5: PROFESIONAL CONTABLE | E5: maria.fajardo@saludhorisoes.org | F5: RECURSOS FINANCIEROS | G5: andres.suarez@saludhorisoes.org | H5: 3147699999 | I5: CARRERA 42 A #1 A 56 MARIA OCCIDENTE | J5: maria.fajardo@ipshorisoes.org | K5: ANA MARIA HINCAPIE | L5: POPAYAN | M5: 34205 | N5: 40795 | O5: POPAYAN | P5: O+ | Q5: SOLTERO | R5: NO | S5: 0 | T5: 43192 | U5: 43191 | V5: 8.53 | W5: SIN DATO | Y5: ADMINISTRATIVA | Z5: SALUD HORISOES | AA5: POPAYAN | AB5: NACIONAL | AC5: INDEFINIDO | AD5: ACTIVO | AE5: MARIA ALEJANDRA FAJARDO QUINTERO
A6: 45689747 | B6: F | C6: LISA MARIA CASTAÑO PAVA | D6: COORDINACION DE SEDE | E6: lisa.castano@saludhorisoes.org | F6: DIRECCION SOCIOSANITARIA | G6: monica.barcasnegras@saludhorisoes.org | H6: 3154108380 | I6: CALLE 9N #10 - 35 SANTA CLARA | J6: lcastanopava@hotmail.com | K6: MONICA BARCASNEGRAS | L6: POPAYAN | M6: 28468 | N6: 35353 | O6: CARTAGENA | P6: AB+ | Q6: CASADO | R6: SI | S6: 1 | T6: 43297 | U6: 43282 | V6: 8.24 | W6: SIN DATO | Y6: OPERATIVO | Z6: SALUD HORISOES | AA6: POPAYAN | AB6: POPAYAN | AC6: INDEFINIDO | AD6: ACTIVO
A7: 45538319 | B7: F | C7: SINDIR DELLANIR NAIZIR BELTRAN | D7: GERENCIA ADMINISTRATIVA Y FINANCIERA | E7: dellanir.naizir@saludhorisoes.org | F7: GERENCIA | G7: oscar.vivas@saludhorisoes.org | H7: 3105268513 | I7: CAMPOARAGON CASA 8 | J7: deyanaizir24@hotmail.com | K7: OSCAR VIVAS | L7: ARMENIA | M7: 30126 | N7: 36706 | O7: CARTAGENA | P7: AB+ | Q7: CASADO | R7: SI | S7: 3 | T7: 43466 | U7: 43466 | V7: 7.78 | W7: SIN DATO | Y7: ADMINISTRATIVA | Z7: SALUD HORISOES | AA7: ARMENIA | AB7: NACIONAL | AC7: INDEFINIDO | AD7: ACTIVO
A8: 10290464 | B8: M | C8: CRISTIAN FERNANDO ORTEGA VASQUEZ | D8: AUDITOR MEDICO | E8: cristian.ortega@saludhorisoes.org | F8: DIRECCION SOCIOSANITARIA | G8: monica.barcasnegras@saludhorisoes.org, evelin.ortega@saludhorisoes.org | H8: 3116995062 | I8: CARRERA 19 N° 7 B - 12 POPAYÁN | J8: crisfeorva@gmail.com | K8: EVELIN ORTEGA | L8: POPAYAN | M8: 29606 | N8: 29606 | O8: POPAYAN | P8: O+ | Q8: UNION LIBRE | R8: SI | S8: 2 | T8: 43537 | U8: 43525 | V8: 7.59 | W8: SIN DATO | Y8: ADMINISTRATIVA | Z8: SALUD HORISOES | AA8: POPAYAN | AB8: NACIONAL | AC8: PRESTACION DE SERVICIOS | AD8: ACTIVO
A9: 1102812141 | B9: F | C9: MELISSA PAOLA CHICA BELEÑO | D9: DIRECCION DE AGENDAMIENTO Y DEMANDA INDUCIDA | E9: melissa.chica@saludhorisoes.org | F9: DIRECCION DE AGENDAMIENTO Y DEMANDA INDUCIDA | G9: melisa.chica@saludhorisoes.org | H9: 3013715224 | I9: CALLE 78n #9 - 126 TORRES DE MILANO | J9: melipao13@hotmail.com | K9: OSCAR VIVAS | L9: ARMENIA | M9: 32094 | N9: 38680 | O9: SINCELEJO | P9: B+ | Q9: CASADO | R9: SI | S9: 1 | T9: 44166 | U9: 44166 | V9: 5.86 | W9: SIN DATO | Y9: OPERATIVO | Z9: SALUD HORISOES | AA9: ARMENIA | AB9: NACIONAL | AC9: INDEFINIDO | AD9: ACTIVO
A10: 1061791075 | B10: M | C10: CARLOS EDUARDO MUÑOZ SENDOYA | D10: DIRECCION COMERCIAL | E10: carlos.munoz@saludhorisoes.org | F10: COMERCIAL | G10: oscar.vivas@saludhorisoes.org | H10: 3104754537 | I10: CRA 6 # 41N-135 TERRAZAS DEL CAMPESTRE APTO 401C | J10: carlosedms5@gmail.com | K10: OSCAR VIVAS | L10: BOGOTA | M10: 35222 | N10: 41801 | O10: POPAYAN | P10: O+ | Q10: SOLTERO | R10: NO | S10: 0 | T10: 44287 | U10: 44287 | V10: 5.53 | W10: SIN DATO | Y10: ADMINISTRATIVA | Z10: SALUD HORISOES | AA10: BOGOTA | AB10: NACIONAL | AC10: INDEFINIDO | AD10: ACTIVO
A11: 1061748921 | B11: M | C11: YONATAN JULIAN CARVAJAL ORTIZ | D11: DIRECCION TORRE DE CONTROL | E11: yonatan.carvajal@saludhorisoes.org | F11: INFORMACION Y GESTION DEL RIESGO EN SALUD | G11: jorge sanchez@saludhorisoes.org | H11: 3105193403 | I11: CARRERA 15 # 10-59 APTO 305 B/ EL ACHIRAL | J11: juliancarvajal14@gmail.com | K11: OSCAR VIVAS | L11: ARMENIA | M11: 33781 | N11: 40358 | O11: POPAYAN | P11: O+ | Q11: SOLTERO | R11: NO | S11: 0 | T11: 44516 | U11: 44501 | V11: 4.90 | W11: SIN DATO | X11: 46203 | Y11: ADMINISTRATIVA | Z11: SALUD HORISOES | AA11: ARMENIA | AB11: NACIONAL | AC11: INDEFINIDO | AD11: INACTIVO
A12: 1061816592 | B12: M | C12: MARLON ALEJANDRO MAYORQUIN CRUZ | D12: DIRECCION DE TICS | E12: alejandro.mayorquin@saludhorisoes.org | F12: RECURSOS TICS | G12: dellanir.naizir@saludhorisoes.org | H12: 3104875746 | I12: CALLE 2 E # 57 C - 43 LOMAS DE GRANADA | J12: macmdf@gmail.com | K12: DELLANIR NAIZIR | L12: POPAYAN | M12: 36245 | N12: 42821 | O12: POPAYAN | P12: O+ | Q12: SOLTERO | R12: NO | S12: 0 | T12: 44580 | U12: 44562 | V12: 4.73 | W12: SIN DATO | Y12: ADMINISTRATIVA | Z12: SALUD HORISOES | AA12: POPAYAN | AB12: NACIONAL | AC12: INDEFINIDO | AD12: ACTIVO
A13: 10305907 | B13: M | C13: JULIAN ANDRES MUÑOZ QUINAYAS | D13: AUXILIAR OPERATIVO UNIDAD MOVIL | E13: julian.munoz@saludhorisoes.org | F13: DIRECCION SOCIOSANITARIA | G13: maria.estrada@saludhorisoes.org | H13: 3147585118 | I13: CALLE 7A # 13 - 23 | J13: julianandmunos@unicauca.edu.co | K13: MARIA DANIELA ESTRADA | L13: POPAYAN | M13: 30628 | N13: 37751 | O13: POPAYAN | P13: O+ | Q13: CASADO | R13: SI | S13: 3 | T13: 44973 | U13: 44958 | V13: 3.65 | W13: SIN DATO | X13: 46279 | Y13: OPERATIVO | Z13: SALUD HORISOES | AA13: UNIDAD MOVIL | AB13: UNIDAD MOVIL | AC13: INDEFINIDO | AD13: INACTIVO
A14: 30338659 | B14: F | C14: LINA MARCELA ARANGO CIFUENTES | D14: LIDER REGIONAL | E14: lina.arango@saludhorisoes.org | F14: DIRECCION SOCIOSANITARIA | G14: jorge.sanchez@saludhorisoes.org, evelin.ortega@saludhorisoes.org | H14: 3182164837 | I14: CRA 15 # 4B-31 MIRADOR DE LA FRANCIA | J14: limaarci@hotmail.com | K14: LINA ARANGO | L14: MANIZALES | M14: 27833 | N14: 34638 | O14: MANIZALES | P14: A+ | Q14: SOLTERO | R14: SI | S14: 1 | T14: 45231 | U14: 45231 | V14: 2.95 | W14: 45290 | X14: 46227 | Y14: ASISTENCIAL | Z14: CONVENIO HORIZONTE | AA14: MANIZALES | AB14: MANIZALES | AC14: INDEFINIDO | AD14: INACTIVO
A15: 30328380 | B15: F | C15: SANDRA LILIANA ZAPATA HERRERA | D15: AUXILIAR SERVICIOS GENERALES | E15: sandra.zapata@saludhorisoes.org | F15: RECURSOS FISICOS | G15: lisa.castano@saludhorisoes.org | H15: 3234243443 | I15: Calle 58 F1 N 9B - 17, Localidad Cumbre en Manizales | J15: sandrazapatapepe@gmail.com | K15: LINA ARANGO | L15: MANIZALES | M15: 25930 | N15: 33550 | O15: MANIZALES | P15: O+ | Q15: CASADA | R15: SI | S15: 2 | T15: 45244 | U15: 45231 | V15: 2.91 | W15: SIN DATO | Y15: ADMINISTRATIVA | Z15: CONVENIO HORIZONTE | AA15: MANIZALES | AB15: MANIZALES | AC15: INDEFINIDO | AD15: ACTIVO
A16: 1053818618 | B16: F | C16: VIVIANA ECHEVERRI ROJAS | D16: AUXILIAR FACTURACION | E16: viviana.echeverri@saludhorisoes.org | F16: RECURSOS FINANCIEROS | G16: andres.suarez@saludhorisoes.org | H16: 3122374626 | I16: Calle 5 # 15 A 15 B/ La Pradera en Manizales | J16: vivianao09@hotmail.com | K16: JUAN MORALES | L16: MANIZALES | M16: 33743 | N16: 40319 | O16: MANIZALES | P16: O+ | Q16: SOLTERO | R16: NO | S16: 0 | T16: 45244 | U16: 45231 | V16: 2.91 | W16: SIN DATO | Y16: OPERATIVO | Z16: SALUD HORISOES | AA16: MANIZALES | AB16: MANIZALES | AC16: INDEFINIDO | AD16: ACTIVO
A17: 76325636 | B17: M | C17: RICARDO AARON PERAFAN MOSQUERA | D17: CONDUCTOR UNIDAD MOVIL | E17: ricardo.perafan@saludhorisoes.org | F17: RECURSOS FISICOS | G17: lisa.castano@saludhorisoes.org | H17: 3207224795 | I17: Carrera 38 # 15-25 BARRIO LAS PALMAS | J17: ripe0203@gmail.com | K17: LISA CASTAÑO | L17: POPAYAN | M17: 28186 | N17: 34792 | O17: POPAYAN | P17: O+ | Q17: UNION LIBRE | R17: SI | S17: 2 | T17: 45244 | U17: 45231 | V17: 2.91 | W17: SIN DATO | Y17: OPERATIVO | Z17: SALUD HORISOES | AA17: UNIDAD MOVIL | AB17: UNIDAD MOVIL | AC17: INDEFINIDO | AD17: ACTIVO
A18: 1053857243 | B18: F | C18: DANIELA VILLEGAS MARTINEZ | D18: PSICOLOGA | E18: daniela.villegas@saludhorisoes.org | F18: DIRECCION SOCIOSANITARIA | G18: monica.barcasnegras@saludhorisoes.org, evelin.ortega@saludhorisoes.org | H18: 3043941477 | I18: CRA 43 # 66-74 | J18: daniville1997@hotmail.com | K18: EVELIN ORTEGA | L18: MANIZALES | M18: 35573 | N18: 42151 | O18: MANIZALES | P18: O+ | Q18: SOLTERO | R18: NO | S18: 0 | T18: 45280 | U18: 45261 | V18: 2.81 | W18: SIN DATO | X18: 46253 | Y18: ASISTENCIAL | Z18: CONVENIO HORIZONTE | AA18: MANIZALES | AB18: MANIZALES | AC18: PRESTACION DE SERVICIOS | AD18: INACTIVO
A19: 76343027 | B19: M | C19: HAROL MAURICIO MUÑOZ CHAMORRO | D19: DISEÑO GRAFICO | E19: harol.munoz@saludhorisoes.org | F19: CULTURA, EDUCACION Y COMUNICACION | G19: dellanir.naizir@saludhorisoes.org | H19: 3128932132 | I19: Carrera 13 #16-55 | J19: harolmauricio8400@gmail.com | K19: DELLANIR NAIZIR | L19: POPAYAN | M19: 30982 | N19: 37735 | O19: TIMBIO | P19: O+ | Q19: SOLTERO | R19: NO | S19: 0 | T19: 45292 | U19: 45292 | V19: 2.78 | W19: 45325 | Y19: ADMINISTRATIVA | Z19: SALUD HORISOES | AA19: POPAYAN | AB19: NACIONAL | AC19: PRESTACION DE SERVICIOS | AD19: ACTIVO
A20: 1060879740 | B20: M | C20: JOSE RAFAEL CHAUX | D20: COORDINACION DE INFORMACION EXTRAMURAL | E20: rafael.chaux@saludhorisoes.org | F20: DIRECCION SOCIOSANITARIA | G20: jorge.sanchez@saludhorisoes.org | H20: 3233113436 | I20: MANZANA 25 CASA 10 LA PATRIA | J20: josecchauxpersonal@gmail.com | K20: MONICA BARCASNEGRAS | L20: ARMENIA | M20: 35806 | N20: 42381 | O20: EL TAMBO | P20: B+ | Q20: SOLTERO | R20: NO | S20: 0 | T20: 45293 | U20: 45292 | V20: 2.78 | W20: 45352 | X20: 46211 | Y20: OPERATIVO | Z20: SALUD HORISOES | AA20: ARMENIA | AB20: NACIONAL | AC20: INDEFINIDO | AD20: INACTIVO
A21: 1082972156 | B21: F | C21: ALEXANDRA JULIETH CANTILLO RAMOS | D21: PROFESIONAL TALENTO HUMANO | E21: alexandra.cantillo@saludhorisoes.org | F21: RECURSOS HUMANOS | G21: diego.burgos@saludhorisoes.org | H21: 3228953880 | I21: MANZANA A CASA 9 BARRIO MONTE CARLO | J21: cantillo133@gmail.com | K21: DIEGO BURGOS | L21: CALARCA | M21: 34205 | N21: 40794 | O21: SANTA MARTA | P21: A+ | Q21: UNION LIBRE | R21: NO | S21: 0 | T21: 45294 | U21: 45292 | V21: 2.77 | W21: 45353 | Y21: ADMINISTRATIVA | Z21: SALUD HORISOES | AA21: ARMENIA | AB21: NACIONAL | AC21: INDEFINIDO | AD21: ACTIVO
A22: 34316697 | B22: F | C22: ANGELA YOLIMA GUAMANGA SAMBONI | D22: TECNICO DE IMAGENES DIAGNOSTICAS | E22: angela.guamanga@saludhorisoes.org | F22: DIRECCION SOCIOSANITARIA | G22: maria.estrada@saludhorisoes.org | H22: 3154709402 | I22: CARRERA 8H # 66BN - 39 | J22: angelaguamanga300182@gmail.com | K22: MARIA DANIELA ESTRADA | L22: POPAYAN | M22: 29981 | N22: 36648 | O22: POPAYAN | P22: O+ | Q22: SOLTERO | R22: SI | S22: 2 | T22: 45323 | U22: 45323 | V22: 2.69 | W22: 45382 | Y22: ASISTENCIAL | Z22: CONVENIO HORIZONTE | AA22: UNIDAD MOVIL | AB22: UNIDAD MOVIL | AC22: INDEFINIDO | AD22: ACTIVO
A23: 1004799714 | B23: F | C23: MARIA JOSE COBALEDA AGUIRRE | D23: TECNICO ADMINISTRATIVO UNIDAD MOVIL | E23: maria.cobaleda@saludhorisoes.org | F23: DIRECCION SOCIOSANITARIA | G23: jorge.sanchez@saludhorisoes.org, evelin.ortega@saludhorisoes.org | H23: 3138084317 | I23: CARRERA 23E # 3-66 B/ MODELO | J23: mcobaledaaguirre@gmail.com | K23: MARIA DANIELA ESTRADA | L23: ARMENIA | M23: 37105 | N23: 43753 | O23: ARMENIA | P23: A+ | Q23: SOLTERO | R23: NO | S23: 0 | T23: 45323 | U23: 45323 | V23: 2.69 | W23: 45382 | X23: 46055 | Y23: ADMINISTRATIVA | Z23: SALUD HORISOES | AA23: ARMENIA | AB23: NACIONAL | AC23: INDEFINIDO | AD23: INACTIVO
A24: 24587269 | B24: F | C24: YENNYFER GUIZA ALVAREZ | D24: TECNICO FACTURACION | E24: yennyfer.guiza@saludhorisoes.org | F24: RECURSOS FINANCIEROS | G24: andres.suarez@saludhorisoes.org | H24: 3224922719 | I24: CARRERA 32 # 19-40 B/ LA ESPERANZA | J24: yeis2024@gmail.com | K24: JUAN MORALES | L24: ARMENIA | M24: 31098 | N24: 37676 | O24: CALARCA | P24: A+ | Q24: UNION LIBRE | R24: SI | S24: 4 | T24: 45348 | U24: 45323 | V24: 2.62 | W24: 45407 | Y24: ADMINISTRATIVA | Z24: SALUD HORISOES | AA24: ARMENIA | AB24: NACIONAL | AC24: INDEFINIDO | AD24: ACTIVO
A25: 1006848706 | B25: F | C25: NATALIA MARITZA HERNANDEZ CABRERA | D25: AUXILIAR TOMA DE MUESTRAS UNIDAD MOVIL | E25: natalia.hernandez@saludhorisoes.org | F25: DIRECCION SOCIOSANITARIA | G25: maria.estrada@saludhorisoes.org | H25: 3113247105 | I25: CARRERA 6 # 26B N19 B/ LOS HOYOS | J25: nataliah-cabrera@hotmail.com | K25: MARIA DANIELA ESTRADA | L25: POPAYAN | M25: 36684 | N25: 43263 | O25: ORITO | P25: O+ | Q25: SOLTERA | R25: NO | S25: 0 | T25: 45350 | U25: 45323 | V25: 2.62 | W25: 45409 | Y25: ASISTENCIAL | Z25: CONVENIO HORIZONTE | AA25: UNIDAD MOVIL | AB25: UNIDAD MOVIL | AC25: INDEFINIDO | AD25: ACTIVO
A26: 1094963164 | B26: F | C26: GLORIA ALEJANDRA MARULANDA MELCHOR | D26: HIGIENISTA ORAL | E26: gloria.marulanda@saludhorisoes.org | F26: DIRECCION SOCIOSANITARIA | G26: jorge.sanchez@saludhorisoes.org, evelin.ortega@saludhorisoes.org | H26: 3104423727 | I26: MANZANA G # 26 PISO 1 | J26: alejandramarulanda730@gmail.com | K26: EVELIN ORTEGA | L26: ARMENIA | M26: 35621 | N26: 42214 | O26: ARMENIA | P26: A+ | Q26: SOLTERA | R26: NO | S26: 0 | T26: 45350 | U26: 45323 | V26: 2.62 | W26: 45409 | Y26: ASISTENCIAL | Z26: CONVENIO HORIZONTE | AA26: ARMENIA | AB26: ARMENIA | AC26: INDEFINIDO | AD26: ACTIVO
A27: 1193271704 | B27: F | C27: DIANA MARCELA CHILAMA GOMEZ | D27: AUXILIAR SERVICIOS GENERALES | E27: diana.chilama@saludhorisoes.org | F27: RECURSOS FISICOS | G27: lisa.castano@saludhorisoes.org | H27: 3013099499 | I27: CARRERA 11 NORTE # 18-72 | J27: dmchg20@gmail.com | K27: EVELIN ORTEGA | L27: ARMENIA | M27: 37192 | N27: 43805 | O27: CONTADERO | P27: O+ | Q27: SOLTERA | R27: NO | S27: 0 | T27: 45355 | U27: 45352 | V27: 2.61 | W27: 45415 | X27: 46095 | Y27: ADMINISTRATIVA | Z27: CONVENIO HORIZONTE | AA27: ARMENIA | AB27: ARMENIA | AC27: INDEFINIDO | AD27: INACTIVO
A28: 1061685871 | B28: F | C28: ADRIANA EUGENIA MUÑOZ PIZO | D28: PROFESIONAL DE ANALISIS DE INFORMACION | E28: adriana.munoz@saludhorisoes.org | F28: INFORMACION Y GESTION DEL RIESGO EN SALUD | G28: andres.ordones@saludhorisoes.org | H28: 3207516189 | I28: CARRERA 24A # 15-23 | J28: adrianaeugeniamunozpizo1061@gmail.com | K28: ANDRES ORDOÑEZ | L28: POPAYAN | M28: 31268 | N28: 38089 | O28: POPAYAN | P28: O+ | Q28: SOLTERO | R28: NO | S28: 0 | T28: 45371 | U28: 45352 | V28: 2.56 | W28: 45431 | Y28: OPERATIVO | Z28: SALUD HORISOES | AA28: POPAYAN | AB28: POPAYAN | AC28: INDEFINIDO | AD28: ACTIVO
A29: 1095550962 | B29: F | C29: MARIA JOSE MATALLANA GUIZA | D29: AUXILIAR DE GESTION DEL RIESGO | E29: maria.matallana@saludhorisoes.org | F29: DIRECCION SOCIOSANITARIA | G29: maria.estrada@saludhorisoes.org | H29: 3218824175 | I29: CARRERA 32A # 19-40 B/ LA ESPERANZA | J29: mariajosematallana61@gmail.com | K29: MARIA DANIELA ESTRADA | L29: ARMENIA | M29: 38617 | N29: 45237 | O29: CALARCA | P29: A+ | Q29: SOLTERO | R29: NO | S29: 0 | T29: 45390 | U29: 45383 | V29: 2.51 | W29: 45450 | Y29: OPERATIVO | Z29: SALUD HORISOES | AA29: ARMENIA | AB29: NACIONAL | AC29: INDEFINIDO | AD29: ACTIVO
A30: 18417654 | B30: M | C30: YVER MOLINA GIL | D30: CONDUCTOR UNIDAD MOVIL | E30: yver.molina@saludhorisoes.org | F30: RECURSOS FISICOS | G30: lisa.castano@saludhorisoes.org | H30: 3117672528 | I30: MANZANA O CASA 21 VILLA JERUSALEN | J30: molinagilyver@gmail.com | K30: LISA CASTAÑO | L30: ARMENIA | M30: 28574 | N30: 35279 | O30: MONTENEGRO | P30: O+ | Q30: SOLTERO | R30: NO | S30: 0 | T30: 45390 | U30: 45383 | V30: 2.51 | W30: 45433 | Y30: OPERATIVO | Z30: SALUD HORISOES | AA30: UNIDAD MOVIL | AB30: UNIDAD MOVIL | AC30: INDEFINIDO | AD30: ACTIVO
A31: 15373819 | B31: M | C31: ARLEY VICENTE FORERO TOVAR | D31: TECNICO DE CUENTAS MEDICAS | E31: arley.forero@saludhorisoes.org | F31: AUDITORIA | G31: paulo.navarro@saludhorisoes.org | H31: 3222113049 | I31: CALLE 32 # 23-35 APTO 401 B/LAS CAMELIAS | J31: arleyforero@hotmail.com | K31: PAULO NAVARRO | L31: ARMENIA | M31: 31007 | N31: 37613 | O31: MEDELLIN | P31: B+ | Q31: SOLTERO | R31: NO | S31: 0 | T31: 45400 | U31: 45383 | V31: 2.48 | W31: 45452 | Y31: ADMINISTRATIVA | Z31: SALUD HORISOES | AA31: ARMENIA | AB31: NACIONAL | AC31: INDEFINIDO | AD31: ACTIVO
A32: 1094961794 | B32: F | C32: MARIA FERNANDA PESCADOR LORA | D32: PROFESIONAL CONTABLE | E32: maria.pescador@saludhorisoes.org | F32: RECURSOS FINANCIEROS | G32: andres.suarez@saludhorisoes.org | H32: 3137207949 | I32: MANZANA 1 CASA 4 GUADUALES DE LA VILLA | J32: mafe-9704@outlook.com | K32: ANA MARIA HINCAPIE | L32: ARMENIA | M32: 35554 | N32: 42131 | O32: ARMENIA | P32: O+ | Q32: SOLTERO | R32: NO | S32: 0 | T32: 45404 | U32: 45383 | V32: 2.47 | W32: 45464 | Y32: ADMINISTRATIVA | Z32: SALUD HORISOES | AA32: ARMENIA | AB32: NACIONAL | AC32: INDEFINIDO | AD32: ACTIVO
A33: 1098313885 | B33: M | C33: JUAN DIEGO MUÑETON BRITO | D33: PROFESIONAL DE GESTION POBLACIONAL | E33: juan.muneton@saludhorisoes.org | F33: INFORMACION Y GESTION DEL RIESGO EN SALUD | G33: andres.ordones@saludhorisoes.org | H33: 3219130670 | I33: CALLE 42 # 21-27 B/ CACIQUE | J33: mikasa6662@gmail.com | K33: MARIA DANIELA ESTRADA | L33: ARMENIA | M33: 36540 | N33: 43117 | O33: CIRCASIA | P33: O+ | Q33: UNION LIBRE | R33: NO | S33: 0 | T33: 45414 | U33: 45413 | V33: 2.44 | W33: 45455 | Y33: OPERATIVO | Z33: SALUD HORISOES | AA33: ARMENIA | AB33: NACIONAL | AC33: INDEFINIDO | AD33: ACTIVO
A34: 1094951546 | B34: F | C34: YULY ALEJANDRA VILLAMIL CAMARGO | D34: PROFESIONAL DE SEGURIDAD Y SALUD EN EL TRABAJO | E34: alejandra.villamil@saludhorisoes.org | F34: RECURSOS HUMANOS | G34: diego.burgos@saludhorisoes.org | H34: 3183758625 | I34: MANZANA D CASA 1 B/ QUINTAS DE LA MARINA | J34: yavillamilca@gmail.com | K34: DIEGO BURGOS | L34: ARMENIA | M34: 34961 | N34: 41537 | O34: ARMENIA | P34: O+ | Q34: CASADA | R34: SI | S34: 1 | T34: 45418 | U34: 45413 | V34: 2.43 | W34: 45478 | Y34: ADMINISTRATIVA | Z34: SALUD HORISOES | AA34: ARMENIA | AB34: NACIONAL | AC34: INDEFINIDO | AD34: ACTIVO
A35: 1061815009 | B35: F | C35: ADA MARY MANZANO QUIÑONES | D35: AUXILIAR AGENDAMIENTO | E35: ada.manzano@saludhorisoes.org | F35: DIRECCION DE AGENDAMIENTO Y DEMANDA INDUCIDA | G35: diana.fernandez@saludhorisoes.org, melissa.chica@saludhorisoes.org | H35: 3185550548 | I35: CARRERA 10 # 27-10 B/ LOMA DE LA VIRGEN | J35: adamanzzano1915@hotmail.com | K35: MELISSA CHICA, DIANA FERNANDEZ | L35: POPAYAN | M35: 36136 | N35: 42748 | O35: POPAYAN | P35: A+ | Q35: SOLTERO | R35: SI | S35: 1 | T35: 45426 | U35: 45413 | V35: 2.41 | W35: 45456 | Y35: OPERATIVO | Z35: SALUD HORISOES | AA35: POPAYAN | AB35: POPAYAN | AC35: INDEFINIDO | AD35: ACTIVO
A36: 1061817672 | B36: F | C36: LEICY TATIANA PERAFAN SALAZAR | D36: AUXILIAR SIAU | E36: leicy.perafan@ipshorisoes.org | F36: DIRECCION SOCIOSANITARIA | G36: evelin.ortega@saludhorisoes.org | H36: 3234677950 | I36: CARRERA 39 # 6B - 71 B/COLOMBIA II ETAPA | J36: tatianaperafans21@gmail.com | K36: ANDREA OROZCO | L36: POPAYAN | M36: 36271 | N36: 42872 | O36: POPAYAN | P36: O+ | Q36: SOLTERA | R36: NO | S36: 0 | T36: 45427 | U36: 45413 | V36: 2.41 | W36: 45458 | X36: 46195 | Y36: ASISTENCIAL | Z36: CONVENIO HORIZONTE | AA36: POPAYAN | AB36: POPAYAN | AC36: INDEFINIDO | AD36: INACTIVO
A37: 1089481650 | B37: F | C37: JOHANA DAISURY MENESES VALDES | D37: MEDICO GENERAL | E37: johana.meneses@saludhorisoes.org | F37: DIRECCION SOCIOSANITARIA | G37: evelin.ortega@saludhorisoes.org | H37: 3233214564 | I37: CALLE 8N # 8-05 BARRIO PRADOS DEL NORTE | J37: joha535@hotmail.com | K37: EVELIN ORTEGA | L37: POPAYAN | M37: 32918 | N37: 39519 | O37: LA UNION | P37: B+ | Q37: UNION LIBRE | R37: SI | S37: 1 | T37: 45428 | U37: 45413 | V37: 2.41 | W37: 45445 | Y37: ASISTENCIAL | Z37: CONVENIO HORIZONTE | AA37: POPAYAN | AB37: POPAYAN | AC37: INDEFINIDO | AD37: ACTIVO
A38: 34562913 | B38: F | C38: LUZ ELENA ZEMANATE NARVAEZ | D38: AUXILIAR TOMA DE MUESTRAS DE LABORATORIO | E38: luz.zemanate@saludhorisoes.org | F38: DIRECCION SOCIOSANITARIA | G38: evelin.ortega@saludhorisoes.org | H38: 3117884359 | I38: CARRERA 13 # 2-46 BARRIO CADILLAL | J38: zemanatenarvaezluzelena@gmail.com | K38: ANDREA OROZCO | L38: POPAYAN | M38: 25467 | N38: 33417 | O38: POPAYAN | P38: O+ | Q38: UNION LIBRE | R38: SI | S38: 1 | T38: 45432 | U38: 45413 | V38: 2.39 | W38: 45449 | Y38: ASISTENCIAL | Z38: CONVENIO HORIZONTE | AA38: POPAYAN | AB38: POPAYAN | AC38: INDEFINIDO | AD38: ACTIVO
A39: 25278950 | B39: F | C39: JENNY PATRICIA LOPEZ RIVERA | D39: AUXILIAR SERVICIOS GENERALES | E39: jenny.rivera@saludhorisoes.org | F39: RECURSOS FISICOS | G39: lisa.castano@saludhorisoes.org | H39: 3137868948 | I39: TOMACIPRIANO ALTO MANZANA16 # 16-04 | J39: yennyrlopez09@gmail.com | K39: LISA CASTAÑO | L39: POPAYAN | M39: 28558 | N39: 35502 | O39: POPAYAN | P39: B+ | Q39: UNION LIBRE | R39: SI | S39: 2 | T39: 45444 | U39: 45444 | V39: 2.36 | W39: 45031 | Y39: ADMINISTRATIVA | Z39: CONVENIO HORIZONTE | AA39: POPAYAN | AB39: POPAYAN | AC39: INDEFINIDO | AD39: ACTIVO
A40: 34569893 | B40: F | C40: AIDA ALICIA AVIRAMA MAPALLO | D40: ORIENTADORA | E40: aida.avirama@ipshorisoes.org | F40: DIRECCION SOCIOSANITARIA | G40: evelin.ortega@saludhorisoes.org | H40: 3148252670 | I40: calle 25 B N. 7°08 BARRIO NUEVO JAPON | J40: sdaa2596@hotmail.com | K40: ANDREA OROZCO | L40: POPAYAN | M40: 27233 | N40: 34264 | O40: POPAYAN | P40: O+ | Q40: CASADO | R40: SI | S40: 1 | T40: 45444 | U40: 45444 | V40: 2.36 | W40: 45504 | Y40: ASISTENCIAL | Z40: CONVENIO HORIZONTE | AA40: POPAYAN | AB40: POPAYAN | AC40: INDEFINIDO | AD40: ACTIVO
A41: 9096760 | B41: M | C41: JAIME PAEZ AHUMADA | D41: PROFESIONAL DE PROCESOS | E41: jaime.paez@saludhorisoes.org | F41: CONTROL DE GESTION Y CALIDAD | G41: dellanir.naizir@saludhorisoes.org | H41: 3114061487 | I41: CONJUNTO RESIDENCIAL ORO NEGRO OCASO,TORRE B-APTO1306 | J41: jaimeraval@hotmail.com | K41: DELLANIR NAIZIR | L41: ARMENIA | M41: 28371 | N41: 35033 | O41: CARTAGENA | P41: O+ | Q41: SEPARADO | R41: SI | S41: 3 | T41: 45447 | U41: 45444 | V41: 2.35 | W41: 45507 | Y41: ADMINISTRATIVA | Z41: SALUD HORISOES | AA41: ARMENIA | AB41: NACIONAL | AC41: INDEFINIDO | AD41: ACTIVO
A42: 1001477988 | B42: F | C42: YAILA VANESA QUICENO | D42: TECNICO DE TALENTO HUMANO | E42: vanesa.quiceno@saludhorisoes.org | F42: RECURSOS HUMANOS | G42: diego.burgos@saludhorisoes.org | H42: 3118298514 | I42: CARRERA 32 #23-19 PISO 1 LAS AMERICAS | J42: quicenoyail@gmail.com | K42: DIEGO BURGOS | L42: ARMENIA | M42: 37161 | N42: 43748 | O42: ARMENIA | P42: O+ | Q42: CASADA | R42: NO | S42: 0 | T42: 45449 | U42: 45444 | V42: 2.35 | W42: 45491 | Y42: ADMINISTRATIVA | Z42: SALUD HORISOES | AA42: ARMENIA | AB42: NACIONAL | AC42: INDEFINIDO | AD42: ACTIVO
A43: 89007174 | B43: M | C43: MILTON OSBALDO NOVA PEDRAZA | D43: AUXILIAR LOGISTICO | E43: milton.nova@saludhorisoes.org | F43: RECURSOS FISICOS | G43: lisa.castano@saludhorisoes.org | H43: 3003536528 | I43: MZ 14 CASA 11 B/ LA UNION | J43: monp04@gmail.com | K43: LISA CASTAÑO | L43: ARMENIA | M43: 28098 | N43: 34770 | O43: ARMENIA | P43: O+ | Q43: CASADA | R43: SI | S43: 2 | T43: 45454 | U43: 45444 | V43: 2.33 | W43: 45471 | X43: 46142 | Y43: ADMINISTRATIVA | Z43: SALUD HORISOES | AA43: ARMENIA | AB43: NACIONAL | AC43: INDEFINIDO | AD43: INACTIVO
A44: 1058967613 | B44: F | C44: YALEIDY MARITZA QUIÑONES DAZA | D44: HIGIENISTA ORAL | E44: yaleidy.quinones@saludhorisoes.org | F44: DIRECCION SOCIOSANITARIA | G44: evelin.ortega@saludhorisoes.org | H44: 3207644008 | I44: CRA 7 B/CALLE NUEVA N6-18 | J44: yale0889@hotmail.com | K44: ANDREA OROZCO | L44: POPAYAN | M44: 32575 | N44: 39294 | O44: BOLIVAR | P44: A+ | Q44: SOLTERA | R44: NO | S44: 0 | T44: 45470 | U44: 45444 | V44: 2.29 | W44: 45429 | Y44: ASISTENCIAL | Z44: CONVENIO HORIZONTE | AA44: POPAYAN | AB44: POPAYAN | AC44: INDEFINIDO | AD44: ACTIVO
A45: 1098312431 | B45: F | C45: MARIA DANIELA ARIAS CUADROS | D45: AUXILIAR AGENDAMIENTO | E45: maria.arias@saludhorisoes.org | F45: DIRECCION DE AGENDAMIENTO Y DEMANDA INDUCIDA | G45: paula.vivas@saludhorisoes.org, melissa.chica@saludhorisoes.org | H45: 3207794181 | I45: manzana 1 #1 BARRIO SAN FERNANDO CIRCASIA | J45: ariascuadrosdaniela@gmail.com | K45: MELISSA CHICA, PAULA VIVAS | L45: ARMENIA | M45: 35618 | N45: 42194 | O45: CIRCASIA | P45: A+ | Q45: UNION LIBRE | R45: NO | S45: 0 | T45: 45481 | U45: 45474 | V45: 2.26 | W45: 45513 | Y45: OPERATIVO | Z45: CONVENIO HORIZONTE | AA45: ARMENIA | AB45: ARMENIA | AC45: INDEFINIDO | AD45: ACTIVO
A46: 10294930 | B46: M | C46: ANTONIO JOSE RIASCOS GOMEZ | D46: GINECOBSTETRICIA | E46: NO TIENE | F46: DIRECCION SOCIOSANITARIA | G46: monica.barcasnegras@saludhorisoes.org, evelin.ortega@saludhorisoes.org | H46: 3163913194 | I46: Carrera 7 # 10 N 78 | J46: ajred26@hotmail.com | K46: EVELIN ORTEGA | L46: POPAYAN | M46: 30036 | N46: 36776 | O46: POPAYAN | P46: A+ | Q46: SOLTERO | R46: NO | S46: 0 | T46: 45482 | U46: 45474 | V46: 2.26 | W46: SIN DATO | Y46: ASISTENCIAL | Z46: CONVENIO HORIZONTE | AA46: POPAYAN | AB46: POPAYAN | AC46: PRESTACION DE SERVICIOS | AD46: ACTIVO
A47: 16799687 | B47: M | C47: ROMMELL RODRIGUEZ SANCHEZ | D47: TECNICO DE AUTORIZACIONES | E47: rommell.rodriguez@saludhorisoes.org | F47: RECURSOS FINANCIEROS | G47: andres.suarez@saludhorisoes.org | H47: 3104943071 | I47: MZ 4 CASA 7 BARRIO LA PATRIA | J47: rommell19721505@gmail.com | K47: JUAN MORALES | L47: ARMENIA | M47: 26434 | N47: 33176 | O47: CALI | P47: O+ | Q47: CASADO | R47: SI | S47: 2 | T47: 45492 | U47: 45474 | V47: 2.23 | W47: 45031 | Y47: OPERATIVO | Z47: SALUD HORISOES | AA47: ARMENIA | AB47: NACIONAL | AC47: INDEFINIDO | AD47: ACTIVO
A48: 1005088254 | B48: F | C48: YULIANNA TABARES PELAEZ | D48: PROFESIONAL DE TESORERIA | E48: yulianna.tabares@saludhorisoes.org | F48: RECURSOS FINANCIEROS | G48: andres.suarez@saludhorisoes.org | H48: 3215015760 | I48: Calle 33 #27-12, BARRIO SANTANDER | J48: yuliannatabares066@gmail.com | K48: ANA MARIA HINCAPIE | L48: ARMENIA | M48: 37272 | N48: 43846 | O48: ARMENIA | P48: O+ | Q48: SOLTERO | R48: NO | S48: 0 | T48: 45496 | U48: 45474 | V48: 2.22 | W48: 45325 | Y48: ADMINISTRATIVA | Z48: SALUD HORISOES | AA48: ARMENIA | AB48: NACIONAL | AC48: INDEFINIDO | AD48: ACTIVO
A49: 1094972710 | B49: F | C49: JHEIMY STEPHANY VASQUEZ TEJADA | D49: PROFESIONAL DE ODONTOLOGIA | E49: jheimy.vasquez@saludhorisoes.org | F49: DIRECCION SOCIOSANITARIA | G49: monica.barcasnegras@saludhorisoes.org, evelin.ortega@saludhorisoes.org | H49: 3218808093 | I49: MANZANA 3 CASA 7 PISO 2 | J49: stefanyvt17@gmail.com | K49: EVELIN ORTEGA | L49: ARMENIA | M49: 36168 | N49: 42767 | O49: ARMENIA | P49: O+ | Q49: SOLTERA | R49: NO | S49: 0 | T49: 45503 | U49: 45474 | V49: 2.20 | W49: SIN DATO | X49: 46193 | Y49: ASISTENCIAL | Z49: CONVENIO HORIZONTE | AA49: ARMENIA | AB49: ARMENIA | AC49: PRESTACION DE SERVICIOS | AD49: INACTIVO
A50: 1126421594 | B50: F | C50: ADRIANA CAROLINA ANGULO CAPACHO | D50: NUTRICIONISTA | E50: adriana.agudelo@saludhorisoes.org | F50: DIRECCION SOCIOSANITARIA | G50: monica.barcasnegras@saludhorisoes.org, evelin.ortega@saludhorisoes.org | H50: 3184499142 | I50: CARERRA 20 #22-41 CENTRO | J50: nutrilyneonline@gmail.com | K50: EVELIN ORTEGA | L50: MANIZALES | M50: 31432 | N50: 41689 | O50: CON MERIDA VEN | P50: O+ | Q50: CASADA | R50: SI | S50: 1 | T50: 45505 | U50: 45505 | V50: 2.19 | W50: SIN DATO | X50: 46049 | Y50: ASISTENCIAL | Z50: CONVENIO HORIZONTE | AA50: MANIZALES | AB50: MANIZALES | AC50: PRESTACION DE SERVICIOS | AD50: INACTIVO
A51: 1094945401 | B51: F | C51: ANA MARIA HINCAPIE PINZON | D51: COORDINACION DE CONTABILIDAD | E51: ana.hincapie@saludhorisoes.org | F51: RECURSOS FINANCIEROS | G51: andres.suarez@saludhorisoes.org | H51: 3148568186 | I51: CRA 13 # 15-14 APTO 301 | J51: anahincapiepinzon@gmail.com | K51: ANDRES SUAREZ | L51: ARMENIA | M51: 34629 | N51: 41220 | O51: ARMENIA | P51: B+ | Q51: SOLTERO | R51: NO | S51: 0 | T51: 45505 | U51: 45505 | V51: 2.19 | W51: 45513 | Y51: ADMINISTRATIVA | Z51: SALUD HORISOES | AA51: ARMENIA | AB51: NACIONAL | AC51: INDEFINIDO | AD51: ACTIVO
A52: 14898857 | B52: M | C52: DIEGO FERNANDO BURGOS | D52: DIRECTOR DE TALENTO HUMANO | E52: diego.burgos@saludhorisoes.org | F52: RECURSOS HUMANOS | G52: dellanir.naizir@saludhorisoes.org | H52: 3202886953 | I52: CALLE 50 51 80 TORRE 3 APTO 409 | J52: diego.burgos75@gmail.com | K52: DELLANIR NAIZIR | L52: ARMENIA | M52: 27603 | N52: 34184 | O52: BUGA | P52: B+ | Q52: CASADO | R52: SI | S52: 1 | T52: 45506 | U52: 45505 | V52: 2.19 | W52: 45031 | Y52: ADMINISTRATIVA | Z52: SALUD HORISOES | AA52: ARMENIA | AB52: NACIONAL | AC52: INDEFINIDO | AD52: ACTIVO
A53: 1111204938 | B53: M | C53: ANDRES CAMILO CHAVEZ MATIZ | D53: AUXILIAR OPERATIVO UNIDAD MOVIL | E53: andres.chavez@saludhorisoes.org | F53: DIRECCION SOCIOSANITARIA | G53: maria.estrada@saludhorisoes.org | H53: 3112724491 | I53: CRA 3A N.40-51B/LA CASTELLANA | J53: camilochavez092@gmail.com | K53: MARIA DANIELA ESTRADA | L53: IBAGUE | M53: 36028 | N53: 42604 | O53: MARIQUITA | P53: O+ | Q53: SOLTERO | R53: NO | S53: 0 | T53: 45548 | U53: 45536 | V53: 46236 | W53: 45563 | Y53: OPERATIVO | Z53: CONVENIO HORIZONTE | AA53: UNIDAD MOVIL | AB53: UNIDAD MOVIL | AC53: INDEFINIDO | AD53: ACTIVO
A54: 1094957976 | B54: F | C54: AURA CRISTINA RAMOS MARTINEZ | D54: AUXILIAR AGENDAMIENTO | E54: aura.ramos@saludhorisoes.org | F54: DIRECCION DE AGENDAMIENTO Y DEMANDA INDUCIDA | G54: melissa.chica@saludhorisoes.org | H54: 3103871089 | I54: CRA 21 NRO.34-28 B/SIMON BOLIVAR | J54: mariaantoniacr08@gmail.com | K54: MELISSA CHICA | L54: ARMENIA | M54: 35310 | N54: 41886 | O54: ARMENIA | P54: O+ | Q54: UNION LIBRE | R54: SI | S54: 1 | T54: 45559 | U54: 45536 | V54: 46144 | W54: 45576 | Y54: OPERATIVO | Z54: SALUD HORISOES | AA54: ARMENIA | AB54: NACIONAL | AC54: INDEFINIDO | AD54: ACTIVO
A55: 1006732041 | B55: F | C55: ESPERANZA ISABEL LORA MORENO | D55: CUIDADOR | E55: esperanza.lora@saludhorisoes.org | F55: DIRECCION SOCIOSANITARIA | G55: ana.guerrero@ipshorisoes.org | H55: 3125011504 | I55: CRA 3B 22-55-Humarisal | J55: isabel28092010@gmail.com | K55: DELLANIR NAIZIR | L55: LETICIA | M55: 37391 | N55: 43998 | O55: LETICIA | P55: O+ | Q55: UNION LIBRE | R55: SI | S55: 2 | T55: 45570 | U55: 45566 | V55: 46055 | W55: 45630 | Y55: OPERATIVO | Z55: CONVENIO HORIZONTE | AA55: AMAZONAS | AB55: NACIONAL | AC55: OBRA O LABOR | AD55: ACTIVO
A56: 34329585 | B56: F | C56: MILVIA ZEMANATE | D56: PROFESIONAL DE COSTOS | E56: milvia.zemanate@saludhorisoes.org | F56: RECURSOS FINANCIEROS | G56: andres.suarez@saludhorisoes.org | H56: 3117552185 | I56: CARRERA 8D # 67N-63 B/ SAN EDUARDO | J56: milyzeta@hotmail.com | K56: ANDRES SUAREZ | L56: ARMENIA | M56: 31202 | N56: 37781 | O56: POPAYAN | P56: O+ | Q56: UNION LIBRE | R56: SI | S56: 2 | T56: 45580 | U56: 45566 | V56: 1.99 | W56: SIN DATO | Y56: ADMINISTRATIVA | Z56: SALUD HORISOES | AA56: ARMENIA | AB56: NACIONAL | AC56: INDEFINIDO | AD56: ACTIVO
A57: 1007766095 | B57: M | C57: ALEJANDRO SERRANO ARANGO | D57: AUXILIAR AGENDAMIENTO | E57: alejandro.serrano@saludhorisoes.org | F57: DIRECCION DE AGENDAMIENTO Y DEMANDA INDUCIDA | G57: lina.arango@saludhorisoes.org, melissa.chica@saludhorisoes.org | H57: 3146249196 | I57: CLL 9 10-56 VILLAMARIA CALDAS | J57: alejoarango2312@gmail.com | K57: MELISSA CHICA, LINA ARANGO | L57: MANIZALES | M57: 36896 | N57: 43479 | O57: MANIZALES | P57: O+ | Q57: SOLTERO | R57: NO | S57: 0 | T57: 45597 | U57: 45597 | V57: 1.94 | W57: 45614 | Y57: OPERATIVO | Z57: CONVENIO HORIZONTE | AA57: MANIZALES | AB57: MANIZALES | AC57: INDEFINIDO | AD57: ACTIVO
A58: 1061794266 | B58: F | C58: DANIELA BURBANO PAZ | D58: AUXILIAR OPERATIVO UNIDAD MOVIL | E58: daniela.burbano@saludhorisoes.org | F58: DIRECCION SOCIOSANITARIA | G58: maria.estrada@saludhorisoes.org | H58: 3219158379 | I58: CALLE 20 #5-40 COMUNEROS | J58: dani0896.dp@gmail.com | K58: MARIA DANIELA ESTRADA | L58: POPAYAN | M58: 35285 | N58: 41915 | O58: POPAYAN | P58: O+ | Q58: SOLTERA | R58: NO | S58: 0 | T58: 45597 | U58: 45597 | V58: 1.94 | W58: 45614 | Y58: OPERATIVO | Z58: SALUD HORISOES | AA58: UNIDAD MOVIL | AB58: UNIDAD MOVIL | AC58: INDEFINIDO | AD58: ACTIVO
A59: 1061691754 | B59: F | C59: YULIANA SANCHEZ UNI | D59: AUXILIAR AGENDAMIENTO | E59: yuliana.uni@saludhorisoes.org | F59: DIRECCION DE AGENDAMIENTO Y DEMANDA INDUCIDA | G59: evelin.ortega@saludhorisoes.org | H59: 3113327671 | I59: CARRERA 3 SUR # 29-258 B/ LOS TEJARES | J59: albaluz1069@gmail.com | K59: ANDREA OROZCO | L59: POPAYAN | M59: 31692 | N59: 38286 | O59: POPAYAN | P59: O+ | Q59: SOLTERA | R59: SI | S59: 1 | T59: 45597 | U59: 45597 | V59: 1.94 | W59: 45614 | Y59: OPERATIVO | Z59: SALUD HORISOES | AA59: POPAYAN | AB59: POPAYAN | AC59: INDEFINIDO | AD59: ACTIVO
A60: 1053796452 | B60: F | C60: JESSICA MARIA GALLEGO TORO | D60: AUXILIAR SIAU | E60: jessica.gallego@saludhorisoes.org | F60: DIRECCION SOCIOSANITARIA | G60: evelin.ortega@saludhorisoes.org | H60: 3103459694 | I60: Clle 47 #28 a 107 b. Colombia | J60: jeka0711@hotmail.com | K60: LINA ARANGO | L60: MANIZALES | M60: 32700 | N60: 40206 | O60: MANIZALES | P60: O+ | Q60: SOLTERA | R60: NO | S60: 0 | T60: 45614 | U60: 45597 | V60: 1.90 | W60: 45633 | Y60: OPERATIVO | Z60: CONVENIO HORIZONTE | AA60: MANIZALES | AB60: MANIZALES | AC60: INDEFINIDO | AD60: ACTIVO
A61: 1053794037 | B61: F | C61: ANDREA ALEJANDRA AREVALO GOMEZ | D61: HIGIENISTA ORAL | E61: andrea.arevalo@saludhorisoes.org | F61: DIRECCION SOCIOSANITARIA | G61: evelin.ortega@saludhorisoes.org | H61: 3161872769 | I61: Calle 67 número 11-49 2do piso Barrio la sultana | J61: vijusa8903@gmail.com | K61: LINA ARANGO | L61: MANIZALES | M61: 32583 | N61: 39181 | O61: MANIZALES | P61: O+ | Q61: SOLTERA | R61: SI | S61: 3 | T61: 45621 | U61: 45597 | V61: 1.88 | W61: 45642 | X61: 46105 | Y61: ASISTENCIAL | Z61: CONVENIO HORIZONTE | AA61: MANIZALES | AB61: MANIZALES | AC61: FIJO | AD61: INACTIVO
A62: 52354661 | B62: F | C62: JANCY ANDREA HUERTAS QUINTERO | D62: MEDICO ENDOCRINOLOGO | E62: NO TIENE | F62: DIRECCION SOCIOSANITARIA | G62: monica.barcasnegras@saludhorisoes.org, evelin.ortega@saludhorisoes.org | H62: 3006167866 | I62: CRR # 73 6 C - 71 CA 80 PORTAL DE LAS AMERICAS | J62: janahurquin@hotmail.com | K62: EVELIN ORTEGA | L62: BOGOTA | M62: 29273 | N62: 35852 | O62: BOGOTA | P62: O+ | Q62: SOLTERO | R62: NO | S62: 0 | T62: 45627 | U62: 45627 | V62: 1.86 | W62: SIN DATO | Y62: ASISTENCIAL | Z62: CONVENIO HORIZONTE | AA62: MANIZALES | AB62: MANIZALES | AC62: PRESTACION DE SERVICIOS | AD62: ACTIVO
A63: 1094963637 | B63: F | C63: MARIA FERNANDA NIETO PUERTA | D63: AUXILIAR TOMA DE MUESTRAS DE LABORATORIO | E63: maria.nieto@saludhorisoes.org | F63: DIRECCION SOCIOSANITARIA | G63: evelin.ortega@saludhorisoes.org | H63: 3105089954 | I63: MZ 19 CASA 9 2 PISO 2 ETAPA B/LA CECILIA | J63: mariafernandanietopuerta@gamil.com | K63: EVELIN ORTEGA | L63: ARMENIA | M63: 35654 | N63: 42244 | O63: ARMENIA | P63: O- | Q63: SOLTERO | R63: SI | S63: 1 | T63: 45635 | U63: 45627 | V63: 1.84 | W63: 45653 | Y63: ASISTENCIAL | Z63: CONVENIO HORIZONTE | AA63: ARMENIA | AB63: ARMENIA | AC63: INDEFINIDO | AD63: ACTIVO
A64: 1144080869 | B64: M | C64: ANDRES FELIPE RIOS PIEDRAHITA | D64: GINECOBSTETRICIA | E64: NO TIENE | F64: DIRECCION SOCIOSANITARIA | G64: monica.barcasnegras@saludhorisoes.org, evelin.ortega@saludhorisoes.org | H64: 3163436210 | I64: CRA 25 # 52-30 APTO 201A VERSALLES | J64: andresferi24@gmail.com | K64: EVELIN ORTEGA | L64: MANIZALES | M64: 34874 | N64: 41453 | O64: CALI | P64: O+ | Q64: SOLTERO | R64: NO | S64: 0 | T64: 45659 | U64: 45658 | V64: 1.77 | W64: 45677 | X64: 46098 | Y64: ASISTENCIAL | Z64: CONVENIO HORIZONTE | AA64: MANIZALES | AB64: MANIZALES | AC64: PRESTACION DE SERVICIOS | AD64: INACTIVO
A65: 1061739368 | B65: F | C65: LAURA ISABEL RENGIFO AVILA | D65: MEDICO FAMILIAR | E65: NO TIENE | F65: DIRECCION SOCIOSANITARIA | G65: monica.barcasnegras@saludhorisoes.org, evelin.ortega@saludhorisoes.org | H65: 3177306480 | I65: CRR 7 # 16N - 37 | J65: isabel.renavi@gmail.com | K65: EVELIN ORTEGA | L65: POPAYAN | M65: 33411 | N65: 40009 | O65: POPAYAN | P65: O+ | Q65: SOLTERO | R65: NO | S65: 0 | T65: 45686 | U65: 45658 | V65: 1.70 | W65: SIN DATO | Y65: ASISTENCIAL | Z65: CONVENIO HORIZONTE | AA65: POPAYAN | AB65: POPAYAN | AC65: PRESTACION DE SERVICIOS | AD65: ACTIVO
A66: 41948013 | B66: F | C66: ELSA MILENA MACHADO MARIN | D66: PROFESIONAL ADMINISTRATIVA | E66: elsa.machado@saludhorisoes.org | F66: RECURSOS FISICOS | G66: lisa.castano@saludhorisoes.org | H66: 3117119144 | I66: CRR 22 # 9N - 18 BARRIO RINCON DEL YULIMA | J66: milemachado2018@gmail.com | K66: LISA CASTAÑO | L66: ARMENIA | M66: 29439 | N66: 36132 | O66: ARMENIA | P66: A- | Q66: CASADA | R66: SI | S66: 1 | T66: 45693 | U66: 45689 | V66: 1.68 | W66: 45751 | X66: 46185 | Y66: ADMINISTRATIVA | Z66: SALUD HORISOES | AA66: ARMENIA | AB66: NACIONAL | AC66: INDEFINIDO | AD66: INACTIVO
A67: 1094936664 | B67: F | C67: ANGY CATALINA GIRALDO AGUDELO | D67: AUXILIAR AGENDAMIENTO | E67: angy.giraldo@saludhorisoes.org | F67: DIRECCION DE AGENDAMIENTO Y DEMANDA INDUCIDA | G67: evelin.ortega@saludhorisoes.org | H67: 3013246550 | I67: MANZANA 84 CASA 9 BARRIO LA PATRIA | J67: giraldocatalina1993@gmail.com | K67: PAULA VIVAS | L67: ARMENIA | M67: 34194 | N67: 40771 | O67: ARMENIA | P67: A+ | Q67: SOLTERA | R67: SI | S67: 2 | T67: 45702 | U67: 45689 | V67: 1.45 | W67: 45760 | X67: 46147 | Y67: OPERATIVO | Z67: SALUD HORISOES | AA67: ARMENIA | AB67: NACIONAL | AC67: INDEFINIDO | AD67: INACTIVO
A68: 25102646 | B68: F | C68: SANDRA MILENA CIFUENTES QUINTERO | D68: AUXILIAR SERVICIOS GENERALES | E68: sandra.cifuentes@saludhorisoes.org | F68: RECURSOS FISICOS | G68: lisa.castano@saludhorisoes.org | H68: 3153922393 | I68: CALLE 31 # 29 - 26 BARRIO CERVANTES | J68: milecifuentes77@gmail.com | K68: LINA ARANGO | L68: MANIZALES | M68: 28418 | N68: 35775 | O68: SALAMINA | P68: O+ | Q68: SOLTERA | R68: SI | S68: 1 | T68: 45705 | U68: 45689 | V68: 1.65 | W68: 45723 | Y68: ADMINISTRATIVA | Z68: SALUD HORISOES | AA68: MANIZALES | AB68: MANIZALES | AC68: INDEFINIDO | AD68: ACTIVO
A69: 1098309813 | B69: F | C69: DIANA MILENA CALDERON VELEZ | D69: AUXILIAR DE GESTION DEL RIESGO | E69: diana.calderon@saludhorisoes.org | F69: DIRECCION DE AGENDAMIENTO Y DEMANDA INDUCIDA | G69: evelin.ortega@saludhorisoes.org | H69: 3235118979 | I69: CALLE 4 # 11 - 65 BARRIO RINCON SANTO | J69: milecalderon.2606@gmail.com | K69: MARIA DANIELA ESTRADA | L69: CIRCASIA | M69: 34040 | N69: 40616 | O69: CIRCASIA | P69: O+ | Q69: SOLTERA | R69: SI | S69: 1 | T69: 45708 | U69: 45689 | V69: 1.64 | W69: 45766 | Y69: OPERATIVO | Z69: SALUD HORISOES | AA69: ARMENIA | AB69: NACIONAL | AC69: INDEFINIDO | AD69: ACTIVO
A70: 1094970908 | B70: M | C70: MARIO ALBERTO PAYAN ARCE | D70: TECNICO CONTABLE | E70: mario.payan@saludhorisoes.org | F70: RECURSOS FINANCIEROS | G70: andres.suarez@saludhorisoes.org | H70: 3182345828 | I70: CALLE 40 # 28 - 46 BARRIO CENTRO | J70: mariopayandj@gmail.com | K70: ANA MARIA HINCAPIE | L70: ARMENIA | M70: 36082 | N70: 42663 | O70: ARMENIA | P70: O+ | Q70: SOLTERO | R70: NO | S70: 0 | T70: 45712 | U70: 45689 | V70: 1.63 | W70: 45770 | Y70: ADMINISTRATIVA | Z70: SALUD HORISOES | AA70: ARMENIA | AB70: NACIONAL | AC70: INDEFINIDO | AD70: ACTIVO
A71: 1061781558 | B71: F | C71: LIZETH DANIELA RODRIGUEZ SALAZAR | D71: TRABAJADOR SOCIAL | E71: lizeth.rodriguez@saludhorisoes.org | F71: DIRECCION SOCIOSANITARIA | G71: monica.barcasnegras@saludhorisoes.org, evelin.ortega@saludhorisoes.org | H71: 3146440475 | I71: CALLE 26 NORTE # 2 -242 CASA D 14 | J71: danirodriguez95@live.com | K71: EVELIN ORTEGA | L71: POPAYAN | M71: 34840 | N71: 41459 | O71: POPAYAN | P71: A+ | Q71: SOLTERA | R71: NO | S71: 0 | T71: 45724 | U71: 45717 | V71: 1.59 | W71: 45742 | Y71: ASISTENCIAL | Z71: CONVENIO HORIZONTE | AA71: POPAYAN | AB71: POPAYAN | AC71: PRESTACION DE SERVICIOS | AD71: ACTIVO
A72: 1092850446 | B72: M | C72: OSCAR DAVID CUARTAS SANCHEZ | D72: TECNICO DE CONTRATACIÓN | E72: oscar.cuartas@saludhorisoes.org | F72: RECURSOS HUMANOS | G72: diego.burgos@saludhorisoes.org | H72: 3142240207 | I72: MANZANA 23 CASA 24 BARRIO PUERTO ESPEJO | J72: oscar20sanches@gmail.com | K72: DIEGO BURGOS | L72: ARMENIA | M72: 38107 | N72: 44760 | O72: ARMENIA | P72: A+ | Q72: SOLTERO | R72: NO | S72: 0 | T72: 45726 | U72: 45717 | V72: 1.59 | W72: 45744 | Y72: ADMINISTRATIVA | Z72: SALUD HORISOES | AA72: ARMENIA | AB72: NACIONAL | AC72: INDEFINIDO | AD72: ACTIVO
A73: 24587092 | B73: F | C73: CATALINA CAMPOS TRIVIÑO | D73: MEDICO PEDIATRA | E73: NO TIENE | F73: DIRECCION SOCIOSANITARIA | G73: monica.barcasnegras@saludhorisoes.org, evelin.ortega@saludhorisoes.org | H73: 3157195720 | I73: CRR 33 # 19 - 35 | J73: catacamptri@hotmail.com | K73: EVELIN ORTEGA | L73: ARMENIA | M73: 30883 | N73: 37578 | O73: CALARCA | P73: B+ | Q73: SOLTERO | R73: NO | S73: 0 | T73: 45733 | U73: 45717 | V73: 1.57 | W73: SIN DATO | Y73: ASISTENCIAL | Z73: CONVENIO HORIZONTE | AA73: ARMENIA | AB73: ARMENIA | AC73: PRESTACION DE SERVICIOS | AD73: ACTIVO
A74: 1094923633 | B74: M | C74: JUAN GUILLERMO TRUJILLO RUBIANO | D74: TECNICO DE REDES Y SOPORTES | E74: juan.trujillo@saludhorisoes.org | F74: RECURSOS TICS | G74: alejandro.mayorquin@saludhorisoes.org | H74: 3135099391 | I74: MANZANA G CASAS 7 BARRIO VILLA HERMOSA | J74: juangtrujillo7@gmail.com | K74: ALEJANDRO MAYORQUIN | L74: ARMENIA | M74: 33491 | N74: 40109 | O74: ARMENIA | P74: A+ | Q74: CASADO | R74: NO | S74: 0 | T74: 45734 | U74: 45717 | V74: 1.57 | W74: 45794 | Y74: ADMINISTRATIVA | Z74: SALUD HORISOES | AA74: ARMENIA | AB74: NACIONAL | AC74: INDEFINIDO | AD74: ACTIVO
A75: 76311105 | B75: M | C75: JAVIER EDUARDO NARVAEZ PAREDES | D75: CONDUCTOR UNIDAD MOVIL | E75: javier.narvaez@saludhorisoes.org | F75: RECURSOS FISICOS | G75: lisa.castano@saludhorisoes.org | H75: 3122604852 | I75: CALLE 65 N # 17- 37 BARRIO EL UVO | J75: narvaezjaviereduardo@gmail.com | K75: LISA CASTAÑO | L75: POPAYAN | M75: 25555 | N75: 32385 | O75: POPAYAN | P75: O+ | Q75: CASADO | R75: SI | S75: 3 | T75: 45736 | U75: 45717 | V75: 1.56 | W75: 45796 | Y75: OPERATIVO | Z75: SALUD HORISOES | AA75: UNIDAD MOVIL | AB75: UNIDAD MOVIL | AC75: INDEFINIDO | AD75: ACTIVO
A76: 1067858681 | B76: F | C76: JULIANA RAVELO ARROYO | D76: PROMOTOR DE SALUD | E76: juliana.ravelo@saludhorisoes.org | F76: DIRECCION SOCIOSANITARIA | G76: evelin.ortega@saludhorisoes.org | H76: 3024179200 | I76: CRR 30 # 30 -10 BARRIO LA MISERICORDIA | J76: jraveloarroyo@gmail.com | K76: EVELIN ORTEGA | L76: NECHI | M76: 38746 | N76: 45385 | O76: NECHI | P76: O+ | Q76: UNION LIBRE | R76: SI | S76: 1 | T76: 45741 | U76: 45717 | V76: 1.55 | W76: 45801 | X76: 46071 | Y76: ASISTENCIAL | Z76: CONVENIO HORIZONTE | AA76: ANTIOQUIA | AB76: ANTIOQUIA | AC76: OBRA O LABOR | AD76: INACTIVO
A77: 1000857700 | B77: M | C77: JHON SEBASTIAN GOMEZ RODRIGUEZ | D77: AUXILIAR AGENDAMIENTO | E77: jhon.gomez@saludhorisoes.org | F77: DIRECCION DE AGENDAMIENTO Y DEMANDA INDUCIDA | G77: melissa.chica@saludhorisoes.org | H77: 3134617685 | I77: CRR 40 A # 42 - 26 BARRIO VILLA LILIANA | J77: sebastiangomez2806@gmail.com | K77: MELISSA CHICA, PAULA VIVAS | L77: ARMENIA | M77: 37914 | N77: 44495 | O77: VILLAMARIA | P77: B+ | Q77: UNION LIBRE | R77: SI | S77: 1 | T77: 45749 | U77: 45748 | V77: 1.53 | W77: 45809 | Y77: OPERATIVO | Z77: SALUD HORISOES | AA77: ARMENIA | AB77: NACIONAL | AC77: INDEFINIDO | AD77: ACTIVO
A78: 1018228124 | B78: M | C78: YORDI PEREZ GRANOBLES | D78: AUXILIAR AGENDAMIENTO | E78: yordi.perez@saludhorisoes.org | F78: DIRECCION DE AGENDAMIENTO Y DEMANDA INDUCIDA | G78: evelin.ortega@saludhorisoes.org | H78: 3006744660 | I78: MANZANA 1 CASA 11 BARRIO ALTO BONITO | J78: perezjordy.g@gmail.com | K78: PAULA VIVAS | L78: ARMENIA | M78: 38414 | N78: 44993 | O78: SABANETA | P78: O+ | Q78: SOLTERO | R78: NO | S78: 0 | T78: 45749 | U78: 45748 | V78: 1.53 | W78: 45809 | X78: 46142 | Y78: OPERATIVO | Z78: SALUD HORISOES | AA78: ARMENIA | AB78: NACIONAL | AC78: INDEFINIDO | AD78: INACTIVO
A79: 1005091817 | B79: F | C79: FRANCHESCA JARAMILLO GRANADA | D79: TECNICO ADMINISTRATIVO | E79: franchesca.jaramillo@saludhorisoes.org | F79: RECURSOS FISICOS | G79: dellanir.naizir@saludhorisoes.org | H79: 3206669509 | I79: CASA # 17A BARRIO EL RECUERDO | J79: franchescajaramilo@gmail.com | K79: DELLANIR NAIZIR | L79: ARMENIA | M79: 37725 | N79: 44307 | O79: ARMENIA | P79: O+ | Q79: SOLTERA | R79: NO | S79: 0 | T79: 45750 | U79: 45748 | V79: 1.52 | W79: 45810 | Y79: ADMINISTRATIVA | Z79: SALUD HORISOES | AA79: ARMENIA | AB79: NACIONAL | AC79: INDEFINIDO | AD79: ACTIVO
A80: 1053788236 | B80: F | C80: LEIDY JULIANA ORTIZ VILLA | D80: AUXILIAR TOMA DE MUESTRAS UNIDAD MOVIL | E80: leidy.ortiz@saludhorisoes.org | F80: DIRECCION SOCIOSANITARIA | G80: maria.estrada@saludhorisoes.org | H80: 3142168589 | I80: CALLE 12 B # 7C - 102 CHIPRE | J80: juliortiz.88@hotmail.com | K80: MARIA DANIELA ESTRADA | L80: MANIZALES | M80: 32256 | N80: 38951 | O80: MANIZALES | P80: O+ | Q80: CASADA | R80: SI | S80: 2 | T80: 45754 | U80: 45748 | V80: 1.51 | W80: 45811 | Y80: ASISTENCIAL | Z80: CONVENIO HORIZONTE | AA80: UNIDAD MOVIL | AB80: UNIDAD MOVIL | AC80: INDEFINIDO | AD80: ACTIVO
A81: 1094933040 | B81: F | C81: GLORIA ESPERANZA GUAPACHA TONUZCO | D81: PROFESIONAL CONTABLE | E81: gloria.guapacha@saludhorisoes.org | F81: RECURSOS FINANCIEROS | G81: andres.suarez@saludhorisoes.org | H81: 3104397589 | I81: MANZANA 62 CASA 36 BARRIO LA PATRIA | J81: gloriaeguapachat@gmail.com | K81: ANA MARIA HINCAPIE | L81: ARMENIA | M81: 34003 | N81: 40583 | O81: ARMENIA | P81: A+ | Q81: UNION LIBRE | R81: SI | S81: 1 | T81: 45768 | U81: 45748 | V81: 1.47 | W81: 45828 | Y81: ADMINISTRATIVA | Z81: SALUD HORISOES | AA81: ARMENIA | AB81: NACIONAL | AC81: INDEFINIDO | AD81: ACTIVO
A82: 1088328964 | B82: F | C82: NATHALIA HENAO CLAVIJO | D82: MEDICO GENERAL | E82: nathalia.henao@saludhorisoes.org | F82: DIRECCION SOCIOSANITARIA | G82: evelin.ortega@saludhorisoes.org | H82: 3167783146 | I82: CALLE 22 # 35-02 TORRES DE SAN MARINO II APTO 104 BARRIO LAS AMERICAS | J82: nathaliahcla@gmail.com | K82: EVELIN ORTEGA | L82: ARMENIA | M82: 34929 | N82: 41509 | O82: PEREIRA | P82: O+ | Q82: UNION LIBRE | R82: NO | S82: 0 | T82: 45779 | U82: 45778 | V82: 1.44 | W82: 45839 | X82: 46228 | Y82: ASISTENCIAL | Z82: CONVENIO HORIZONTE | AA82: ARMENIA | AB82: ARMENIA | AC82: INDEFINIDO | AD82: INACTIVO
A83: 1053827149 | B83: F | C83: MARIA FERNANDA MEJIA HENAO | D83: PROFESIONAL ADMINISTRATIVA | E83: maria.mejia@saludhorisoes.org | F83: RECURSOS FINANCIEROS | G83: andres.suarez@saludhorisoes.org | H83: 3207561631 | I83: TRANSVERSAL 72 # 16 - 54 CONJUNTO CAMINO DEL CERRO | J83: mafemejiah@hotmail.com | K83: JUAN MORALES | L83: MANIZALES | M83: 34129 | N83: 40709 | O83: MANIZALES | P83: O+ | Q83: CASADA | R83: SI | S83: 1 | T83: 45779 | U83: 45778 | V83: 1.44 | W83: 45839 | Y83: OPERATIVO | Z83: SALUD HORISOES | AA83: MANIZALES | AB83: MANIZALES | AC83: INDEFINIDO | AD83: ACTIVO
A84: 1066746218 | B84: F | C84: KELY YOHANA ARGEL PEREZ | D84: TECNICO DE IMAGENES DIAGNOSTICAS | E84: kely.argel@saludhorisoes.org | F84: DIRECCION SOCIOSANITARIA | G84: maria.estrada@saludhorisoes.org | H84: 3214297468 | I84: CALLE 12 # 7 - 61 APARTAMENTO 202 BARRIO CENTRO | J84: kelyargel79@gmail.com | K84: MARIA DANIELA ESTRADA | L84: PLANETA RICA | M84: 34722 | N84: 41445 | O84: PLANETA RICA | P84: O+ | Q84: SOLTERA | R84: NO | S84: 0 | T84: 45790 | U84: 45778 | V84: 1.41 | W84: 45808 | X84: 46246 | Y84: ASISTENCIAL | Z84: SALUD HORISOES | AA84: UNIDAD MOVIL | AB84: UNIDAD MOVIL | AC84: FIJO 3 MESES | AD84: INACTIVO
A85: 1123324575 | B85: F | C85: RUBIELA ERAZO CUARAN | D85: AUXILIAR TOMA DE MUESTRAS UNIDAD MOVIL | E85: rubiela.erazo@saludhorisoes.org | F85: DIRECCION SOCIOSANITARIA | G85: maria.estrada@saludhorisoes.org | H85: 3112489878 | I85: BARRIO JARDIN | J85: rubyerazoc1@hotmail.com | K85: MARIA DANIELA ESTRADA | L85: ORITO | M85: 32809 | N85: 39405 | O85: ORITO | P85: O+ | Q85: SOLTERA | R85: SI | S85: 1 | T85: 45792 | U85: 45778 | V85: 1.41 | W85: 45811 | Y85: ASISTENCIAL | Z85: CONVENIO HORIZONTE | AA85: UNIDAD MOVIL | AB85: UNIDAD MOVIL | AC85: FIJO 3 MESES | AD85: ACTIVO
A86: 1053841351 | B86: F | C86: LAURA CRISTINA GARCIA QUINTERO | D86: AUXILIAR OPERATIVO UNIDAD MOVIL | E86: laura.garcia@saludhorisoes.org | F86: DIRECCION SOCIOSANITARIA | G86: maria.estrada@saludhorisoes.org | H86: 3177280635 | I86: CRR 41 A # 65 F - 53 BARRIO LAS COLINAS | J86: lau_cris_27@hotmail.com | K86: MARIA DANIELA ESTRADA | L86: MANIZALES | M86: 34785 | N86: 41365 | O86: MANIZALES | P86: O+ | Q86: SOLTERA | R86: NO | S86: 0 | T86: 45799 | U86: 45778 | V86: 1.39 | W86: 45817 | Y86: OPERATIVO | Z86: SALUD HORISOES | AA86: UNIDAD MOVIL | AB86: UNIDAD MOVIL | AC86: FIJO 3 MESES | AD86: ACTIVO
A87: 1059606638 | B87: F | C87: ANYELA AMPARO BERMUDEZ QUINTANA | D87: AUXILIAR TOMA DE MUESTRAS UNIDAD MOVIL | E87: anyela.bermudez@saludhorisoes.org | F87: DIRECCION SOCIOSANITARIA | G87: maria.estrada@saludhorisoes.org | H87: 3027708912 | I87: URBANIZACION HUELLAS MANZANA 11 CASA120 APTO 102 | J87: anyelabermudez23@gmail.com | K87: MARIA DANIELA ESTRADA | L87: MORALES | M87: 36146 | N87: 42762 | O87: MORALES | P87: O+ | Q87: UNION LIBRE | R87: SI | S87: 1 | T87: 45799 | U87: 45778 | V87: 1.39 | W87: 45817 | Y87: ASISTENCIAL | Z87: SALUD HORISOES | AA87: UNIDAD MOVIL | AB87: UNIDAD MOVIL | AC87: FIJO 3 MESES | AD87: ACTIVO
A88: 1094959494 | B88: F | C88: DERLY YURANY ORTIZ SALAZAR | D88: PROFESIONAL ADMINISTRATIVA | E88: derly.ortiz@saludhorisoes.org | F88: RECURSOS FISICOS | G88: lisa.castano@saludhorisoes.org | H88: 3137155762 | I88: MANZANA 12 CASA 10 URBANIZACION ENTRE VERDES | J88: yuraniortiz27@gmail.com | K88: LISA CASTAÑO | L88: ARMENIA | M88: 35389 | N88: 41957 | O88: ARMENIA | P88: O+ | Q88: SOLTERA | R88: NO | S88: 0 | T88: 45811 | U88: 45809 | V88: 1.36 | W88: 45871 | Y88: ADMINISTRATIVA | Z88: SALUD HORISOES | AA88: ARMENIA | AB88: NACIONAL | AC88: INDEFINIDO | AD88: ACTIVO
A89: 1124043731 | B89: F | C89: KATHERIN PAOLA ZARATE MARTINEZ | D89: MEDICO INTERNISTA | E89: NO TIENE | F89: DIRECCION SOCIOSANITARIA | G89: monica.barcasnegras@saludhorisoes.org, evelin.ortega@saludhorisoes.org | H89: 3103860685 | I89: CRR 23 # 45 - 14 BARRIO AV SANTANDER | J89: kashzarate@hotmail.com | K89: EVELIN ORTEGA | L89: MANIZALES | M89: 34227 | N89: 40815 | O89: MAICAO | P89: B+ | Q89: SOLTERA | R89: NO | S89: 0 | T89: 45811 | U89: 45809 | V89: 1.36 | W89: SIN DATO | Y89: ASISTENCIAL | Z89: CONVENIO HORIZONTE | AA89: MANIZALES | AB89: MANIZALES | AC89: PRESTACION DE SERVICIOS | AD89: ACTIVO
A90: 34326429 | B90: F | C90: JULIANA MARIA MARTINEZ CAJAS | D90: PROFESIONAL DE ODONTOLOGIA | E90: juliana.martinez@saludhorisoes.org | F90: DIRECCION SOCIOSANITARIA | G90: jorge.sanchez@saludhorisoes.org, evelin.ortega@saludhorisoes.org | H90: 3103272042 | I90: CALLE 60 NORTE # 8 - 113 BARRIO RIOVISTA | J90: julimartinez0782@gmail.com | K90: ANDREA OROZCO | L90: POPAYAN | M90: 30161 | N90: 37498 | O90: POPAYAN | P90: O+ | Q90: SOLTERA | R90: SI | S90: 1 | T90: 45812 | U90: 45809 | V90: 1.35 | W90: 45830 | Y90: ASISTENCIAL | Z90: CONVENIO HORIZONTE | AA90: POPAYAN | AB90: POPAYAN | AC90: INDEFINIDO | AD90: ACTIVO
A91: 1097399366 | B91: M | C91: JULIAN FERNANDO YEPES OSPINA | D91: PROFESIONAL DE CALIDAD | E91: julian.yepes@saludhorisoes.org | F91: CONTROL DE GESTION Y CALIDAD | G91: daniel.calderon@saludhorisoes.org | H91: 3132947397 | I91: CRR 18 # 41 - 33 BARRIO CACIQUE | J91: sistentefinanciero23@gmail.com | K91: DANIEL CALDERON | L91: CALARCA | M91: 33961 | N91: 40536 | O91: CALARCA | P91: A- | Q91: CASADO | R91: NO | S91: 0 | T91: 45818 | U91: 45809 | V91: 1.34 | W91: 45878 | X91: 46245 | Y91: ADMINISTRATIVA | Z91: SALUD HORISOES | AA91: ARMENIA | AB91: NACIONAL | AC91: INDEFINIDO | AD91: INACTIVO
A92: 1061747471 | B92: F | C92: ALEJANDRA OJEDA | D92: AUXILIAR TOMA DE MUESTRAS UNIDAD MOVIL | E92: alejandra.ojeda@saludhorisoes.org | F92: DIRECCION SOCIOSANITARIA | G92: maria.estrada@saludhorisoes.org | H92: 3113252663 | I92: CRR 22 C # 16 - 87 BARRIO LA CAMPIÑA | J92: alejandra92ojeda@gmail.com | K92: MARIA DANIELA ESTRADA | L92: POPAYAN | M92: 33728 | N92: 40303 | O92: ARGELIA | P92: O+ | Q92: SOLTERA | R92: SI | S92: 1 | T92: 45824 | U92: 45809 | V92: 1.32 | W92: 45884 | Y92: ASISTENCIAL | Z92: SALUD HORISOES | AA92: UNIDAD MOVIL | AB92: UNIDAD MOVIL | AC92: INDEFINIDO | AD92: ACTIVO
A93: 1016052947 | B93: M | C93: NICOLAS MAURICIO RODRIGUEZ HERNANDEZ | D93: LIDER REGIONAL | E93: nicolas.rodriguez@saludhorisoes.org | F93: DIRECCION SOCIOSANITARIA | G93: evelin.ortega@saludhorisoes.org | H93: 3150622631 | I93: CRR 9 NORTE # 18 N - 231 BARRIO CATAY | J93: nicolasmrodriguez930210@gmail.com | K93: EVELIN ORTEGA | L93: POPAYAN | M93: 34010 | N93: 40585 | O93: BOGOTA | P93: O+ | Q93: UNION LIBRE | R93: SI | S93: 1 | T93: 45824 | U93: 45809 | V93: 1.32 | W93: 45884 | X93: 46056 | Y93: ASISTENCIAL | Z93: CONVENIO HORIZONTE | AA93: POPAYAN | AB93: POPAYAN | AC93: INDEFINIDO | AD93: INACTIVO
A94: 1099735197 | B94: M | C94: JUAN DIEGO RODRIGUEZ RAMOS | D94: AUXILIAR TOMA DE MUESTRAS UNIDAD MOVIL | E94: juan.rodriguez@saludhorisoes.org | F94: DIRECCION SOCIOSANITARIA | G94: maria.estrada@saludhorisoes.org | H94: 3136869533 | I94: MANZANA A CASA 7 BARRIO LA PATRIA | J94: jd2206261@gmail.com | K94: MARIA DANIELA ESTRADA | L94: ARMENIA | M94: 38203 | N94: 44789 | O94: ARMENIA | P94: O+ | Q94: SOLTERO | R94: NO | S94: 0 | T94: 45825 | U94: 45809 | V94: 1.32 | W94: 45885 | Y94: ASISTENCIAL | Z94: SALUD HORISOES | AA94: UNIDAD MOVIL | AB94: UNIDAD MOVIL | AC94: INDEFINIDO | AD94: ACTIVO
A95: 1070464115 | B95: M | C95: JUAN DAVID ALDANA MESA | D95: AUXILIAR OPERATIVO UNIDAD MOVIL | E95: juan.aldana@saludhorisoes.org | F95: DIRECCION SOCIOSANITARIA | G95: maria.estrada@saludhorisoes.org | H95: 3146956543 | I95: MANZANA C CASA 6 BARRIO VILLA CLAUDIA | J95: juandavidaldanamesa62@gmail.com | K95: MARIA DANIELA ESTRADA | L95: ARMENIA | M95: 38265 | N95: 44841 | O95: ARMENIA | P95: O+ | Q95: SOLTERO | R95: NO | S95: 0 | T95: 45826 | U95: 45809 | V95: 1.32 | W95: 45886 | X95: 46048 | Y95: OPERATIVO | Z95: SALUD HORISOES | AA95: UNIDAD MOVIL | AB95: NACIONAL | AC95: INDEFINIDO | AD95: INACTIVO
A96: 1002793240 | B96: F | C96: ANYELA ESTEFANY ACOSTA CALVACHE | D96: AUXILIAR TOMA DE MUESTRAS UNIDAD MOVIL | E96: anyela.acosta@saludhorisoes.org | F96: DIRECCION SOCIOSANITARIA | G96: maria.estrada@saludhorisoes.org | H96: 3136459631 | I96: CRR 8 # 23 B - 03 BARRIO NUEVO JAPON | J96: acostacalvacheastefany@gmail.com | K96: MARIA DANIELA ESTRADA | L96: POPAYAN | M96: 36793 | N96: 43523 | O96: ARGELIA | P96: A+ | Q96: SOLTERA | R96: SI | S96: 1 | T96: 45832 | U96: 45809 | V96: 1.30 | W96: 45892 | X96: 46030 | Y96: ASISTENCIAL | Z96: CONVENIO HORIZONTE | AA96: UNIDAD MOVIL | AB96: NACIONAL | AC96: OBRA O LABOR | AD96: INACTIVO
A97: 34558710 | B97: F | C97: ANA DELFINA GUERRERO COLLAZOS | D97: APOYO EN FACTURACION | E97: ana.guerrero@ipshorisoes.org | F97: RECURSOS FINANCIEROS | G97: andres.suarez@saludhorisoes.org | H97: 3206894 312 | I97: CR 18 # 13 26 | J97: collazos06@hotmail.com | K97: ANDRES SUAREZ | L97: POPAYAN | M97: 25905 | N97: 32689 | O97: POPAYAN | P97: O+ | Q97: SOLTERA | R97: NO | S97: 0 | T97: 45839 | U97: 45839 | V97: 1.28 | W97: SIN DATO | X97: 45930 | Y97: ADMINISTRATIVA | Z97: SALUD HORISOES | AA97: POPAYAN | AB97: NACIONAL | AC97: PRESTACION DE SERVICIOS | AD97: INACTIVO
A98: 1085250111 | B98: F | C98: ROSA DEL CARMEN MESIAS FERNANDEZ | D98: TECNICO DE IMAGENES DIAGNOSTICAS | E98: rosa.mesias@saludhorisoes.org | F98: DIRECCION SOCIOSANITARIA | G98: maria.estrada@saludhorisoes.org | H98: 3165245142 | I98: CALLE 3A # 92 - 116 BARRIO MELENDEZ | J98: rossymessi1986@gmail.com | K98: MARIA DANIELA ESTRADA | L98: CALI | M98: 31537 | N98: 38160 | O98: PASTO | P98: AB+ | Q98: SOLTERA | R98: SI | S98: 2 | T98: 45841 | U98: 45839 | V98: 1.27 | W98: 45859 | Y98: ASISTENCIAL | Z98: CONVENIO HORIZONTE | AA98: UNIDAD MOVIL | AB98: UNIDAD MOVIL | AC98: FIJO 3 MESES | AD98: ACTIVO
A99: 1094900642 | B99: F | C99: ANA KARINA TABARES CAMARGO | D99: APRENDIZ SENA (A&D DE SOFTWARE) | E99: karina.tabares@saludhorisoes.org | F99: RECURSOS TICS | G99: alejandro.mayorquin@saludhorisoes.org | H99: 3147173548 | I99: MANZANA 40 CASA 14 BARRIO CIUDAD DORADA | J99: anakarinatabarescamargo707@gmail.com | K99: ALEJANDRO MAYORQUIN | L99: ARMENIA | M99: 39003 | N99: 45614 | O99: ARMENIA | P99: O+ | Q99: SOLTERA | R99: NO | S99: 0 | T99: 45842 | U99: 45839 | V99: 1.27 | W99: 45860 | X99: 46035 | Y99: ADMINISTRATIVA | Z99: CONVENIO HORIZONTE | AA99: ARMENIA | AB99: ARMENIA | AC99: FIJO APRENDIZAJE | AD99: INACTIVO
A100: 41959084 | B100: F | C100: SOLSIRETH TORRES MARTINEZ | E100: solsireth.torres@saludhorisoes.org | F100: RECURSOS HUMANOS | G100: diego.burgos@saludhorisoes.org | H100: 3176473040 | I100: CRR 14 # 5 - 20 BLOQUE 6 APTO 101 | J100: solsireth.torresm@gmail.com | K100: DIEGO BURGOS | L100: ARMENIA | M100: 30846 | N100: 37433 | O100: ARMENIA | P100: O+ | Q100: SEPARADA | R100: NO | S100: 0 | T100: 45852 | U100: 45839 | V100: 1.24 | W100: 45870 | X100: 46039 | Y100: ADMINISTRATIVA | Z100: CONVENIO HORIZONTE | AA100: ARMENIA | AB100: ARMENIA | AC100: FIJO APRENDIZAJE | AD100: INACTIVO
...
